,instant,dteday,season,yr,mnth,holiday,weekday,workingday,weathersit,temp,atemp,hum,windspeed,casual,registered,cnt,temp_group,atemp_group
0,1,2011-01-01,1,2011,1,False,6,False,2,14.110847,18.18125,0.805833,0.160446,331,654,985,2,2
1,2,2011-01-02,1,2011,1,False,0,False,2,14.902598000000001,17.686950000000003,0.696087,0.248539,131,670,801,2,2
2,3,2011-01-03,1,2011,1,False,1,True,1,8.050924,9.47025,0.437273,0.248309,120,1229,1349,1,1
3,4,2011-01-04,1,2011,1,False,2,True,1,8.200000000000001,10.6061,0.590435,0.160296,108,1454,1562,1,1
4,5,2011-01-05,1,2011,1,False,3,True,1,9.305237,11.4635,0.436957,0.1869,82,1518,1600,1,1
5,6,2011-01-06,1,2011,1,False,4,True,1,8.378268,11.66045,0.518261,0.0895652,88,1518,1606,1,1
6,7,2011-01-07,1,2011,1,False,5,True,2,8.057402,10.44195,0.498696,0.168726,148,1362,1510,1,1
7,8,2011-01-08,1,2011,1,False,6,False,2,6.765000000000001,8.1127,0.535833,0.266804,68,891,959,1,1
8,9,2011-01-09,1,2011,1,False,0,False,1,5.671653,5.80875,0.434167,0.36195,54,768,822,1,1
9,10,2011-01-10,1,2011,1,False,1,True,1,6.184153,7.5443999999999996,0.482917,0.223267,41,1280,1321,1,1
10,11,2011-01-11,1,2011,1,False,2,True,2,6.9327309999999995,9.5732,0.686364,0.122132,43,1220,1263,1,1
11,12,2011-01-12,1,2011,1,False,3,True,1,7.0818069999999995,8.02365,0.599545,0.304627,25,1137,1162,1,1
12,13,2011-01-13,1,2011,1,False,4,True,1,6.765000000000001,7.544149999999999,0.470417,0.301,38,1368,1406,1,1
13,14,2011-01-14,1,2011,1,False,5,True,1,6.59567,9.42065,0.537826,0.126548,54,1367,1421,1,1
14,15,2011-01-15,1,2011,1,False,6,False,2,9.566653,12.4056,0.49875,0.157963,222,1026,1248,1,2
15,16,2011-01-16,1,2011,1,False,0,False,1,9.498347,11.71085,0.48375,0.188433,251,953,1204,1,1
16,17,2011-01-17,1,2011,1,True,1,False,2,7.209153,8.838550000000001,0.5375,0.194017,117,883,1000,1,1
17,18,2011-01-18,1,2011,1,False,2,True,2,8.883347,11.61665,0.861667,0.146775,9,674,683,1,1
18,19,2011-01-19,1,2011,1,False,3,True,2,11.979134,14.921100000000001,0.741739,0.208317,78,1572,1650,1,2
19,20,2011-01-20,1,2011,1,False,4,True,2,10.728347,12.7525,0.538333,0.195904,83,1844,1927,1,2
20,21,2011-01-21,1,2011,1,False,5,True,1,7.2775,7.89165,0.457083,0.353242,75,1468,1543,1,1
21,22,2011-01-22,1,2011,1,False,6,False,1,2.4243464,3.9534800000000003,0.4,0.17197,93,888,981,1,1
22,23,2011-01-23,1,2011,1,False,0,False,1,3.9573897000000002,4.941955,0.436522,0.2466,150,836,986,1,1
23,24,2011-01-24,1,2011,1,False,1,True,1,3.9930433,5.8965,0.491739,0.15833,86,1330,1416,1,1
24,25,2011-01-25,1,2011,1,False,2,True,2,9.162598000000001,11.7263,0.616957,0.129796,186,1799,1985,1,1
25,26,2011-01-26,1,2011,1,False,3,True,3,8.9175,10.18,0.8625,0.29385,34,472,506,1,1
26,27,2011-01-27,1,2011,1,False,4,True,1,7.995,10.985,0.6875,0.113837,15,416,431,1,1
27,28,2011-01-28,1,2011,1,False,5,True,2,8.342597999999999,11.165849999999999,0.793043,0.1233,38,1129,1167,1,1
28,29,2011-01-29,1,2011,1,False,6,False,1,8.057402,10.606300000000001,0.651739,0.145365,123,975,1098,1,1
29,30,2011-01-30,1,2011,1,False,0,False,1,8.877402,12.5161,0.722174,0.0739826,140,956,1096,1,2
30,31,2011-01-31,1,2011,1,False,1,True,2,7.414153,9.3125,0.60375,0.187192,42,1459,1501,1,1
31,32,2011-02-01,1,2011,2,False,2,True,2,7.8791340000000005,11.7265,0.829565,0.053213,47,1313,1360,1,1
32,33,2011-02-02,1,2011,2,False,3,True,2,10.66,12.72085,0.775417,0.264308,72,1454,1526,1,2
33,34,2011-02-03,1,2011,2,False,4,True,1,7.665237,8.8939,0.437826,0.277752,61,1489,1550,1,1
34,35,2011-02-04,1,2011,2,False,5,True,2,8.663464,11.429350000000001,0.585217,0.127839,88,1620,1708,1,1
35,36,2011-02-05,1,2011,2,False,6,False,2,9.566653,12.152899999999999,0.929167,0.161079,100,905,1005,1,2
36,37,2011-02-06,1,2011,2,False,0,False,1,11.719153,14.58355,0.568333,0.1418,354,1269,1623,1,2
37,38,2011-02-07,1,2011,2,False,1,True,1,11.138347,15.1829,0.738333,0.0454083,120,1592,1712,1,2
38,39,2011-02-08,1,2011,2,False,2,True,1,9.054153,9.9123,0.537917,0.36195,64,1466,1530,1,1
39,40,2011-02-09,1,2011,2,False,3,True,2,5.526102999999999,7.21415,0.494783,0.188839,53,1552,1605,1,1
40,41,2011-02-10,1,2011,2,False,4,True,1,5.918268,7.477399999999999,0.437391,0.221935,47,1491,1538,1,1
41,42,2011-02-11,1,2011,2,False,5,True,1,7.752731000000001,10.67545,0.506364,0.10855,149,1597,1746,1,1
42,43,2011-02-12,1,2011,2,False,6,False,1,9.1225,11.6477,0.544167,0.203367,288,1184,1472,1,1
43,44,2011-02-13,1,2011,2,False,0,False,1,12.977402000000001,16.20565,0.457391,0.260883,397,1192,1589,2,2
44,45,2011-02-14,1,2011,2,False,1,True,1,17.015,19.9175,0.375833,0.417908,208,1705,1913,2,2
45,46,2011-02-15,1,2011,2,False,2,True,1,10.909567000000001,12.7137,0.314348,0.291374,140,1675,1815,1,2
46,47,2011-02-16,1,2011,2,False,3,True,1,13.048701000000001,15.809999999999999,0.423478,0.251791,218,1897,2115,2,2
47,48,2011-02-17,1,2011,2,False,4,True,1,17.869153,21.4329,0.505,0.230104,259,2216,2475,2,2
48,49,2011-02-18,1,2011,2,False,5,True,1,21.388347,25.599149999999998,0.516667,0.264925,579,2348,2927,2,3
49,50,2011-02-19,1,2011,2,False,6,False,1,16.365847,19.5702,0.187917,0.507463,532,1103,1635,2,2
50,51,2011-02-20,1,2011,2,False,0,False,1,11.693897,13.8665,0.407826,0.223235,639,1173,1812,1,2
51,52,2011-02-21,1,2011,2,True,1,False,2,12.436653000000002,14.203750000000001,0.605,0.307846,195,912,1107,2,2
52,53,2011-02-22,1,2011,2,False,2,True,1,7.471102,9.30165,0.577778,0.195683,74,1376,1450,1,1
53,54,2011-02-23,1,2011,2,False,3,True,1,9.091299,12.28585,0.423043,0.094113,139,1778,1917,1,2
54,55,2011-02-24,1,2011,2,False,4,True,2,12.121732000000002,14.459549999999998,0.697391,0.250496,100,1707,1807,2,2
55,56,2011-02-25,1,2011,2,False,5,True,2,14.938268,17.52305,0.712174,0.346539,120,1341,1461,2,2
56,57,2011-02-26,1,2011,2,False,6,False,1,11.5825,14.1096,0.537917,0.186571,424,1545,1969,1,2
57,58,2011-02-27,1,2011,2,False,0,False,1,14.082598,17.55545,0.68,0.125248,694,1708,2402,2,2
58,59,2011-02-28,1,2011,2,False,1,True,2,16.698193,20.005899999999997,0.876364,0.289686,81,1365,1446,2,2
59,60,2011-03-01,1,2011,3,False,2,True,1,10.933347,13.19395,0.535,0.216425,137,1714,1851,1,2
60,61,2011-03-02,1,2011,3,False,3,True,1,13.735000000000001,16.00355,0.449583,0.307833,231,1903,2134,2,2
61,62,2011-03-03,1,2011,3,False,4,True,1,8.131653,10.00665,0.318333,0.225754,123,1562,1685,1,1
62,63,2011-03-04,1,2011,3,False,5,True,2,10.728347,12.783949999999999,0.610417,0.203346,214,1730,1944,1,2
63,64,2011-03-05,1,2011,3,False,6,False,2,15.750846999999998,18.93895,0.789167,0.251871,640,1437,2077,2,2
64,65,2011-03-06,1,2011,3,False,0,False,2,15.437402,18.3126,0.948261,0.343287,114,491,605,2,2
65,66,2011-03-07,1,2011,3,False,1,True,1,10.731299,11.92305,0.551304,0.341352,244,1628,1872,1,1
66,67,2011-03-08,1,2011,3,False,2,True,1,11.9925,15.120000000000001,0.420833,0.12065,316,1817,2133,1,2
67,68,2011-03-09,1,2011,3,False,3,True,2,12.129153,14.3304,0.775417,0.22015,191,1700,1891,2,2
68,69,2011-03-10,1,2011,3,False,4,True,3,15.952731,19.2834,0.0,0.261877,46,577,623,2,2
69,70,2011-03-11,1,2011,3,False,5,True,2,12.977402000000001,15.25,0.649565,0.23297,247,1730,1977,2,2
70,71,2011-03-12,1,2011,3,False,6,False,1,13.495847,16.287499999999998,0.594583,0.220775,724,1408,2132,2,2
71,72,2011-03-13,1,2011,3,False,0,False,1,15.758268000000001,19.004550000000002,0.527391,0.270604,982,1435,2417,2,2
72,73,2011-03-14,1,2011,3,False,1,True,1,13.333896999999999,16.6,0.496957,0.136926,359,1687,2046,2,2
73,74,2011-03-15,1,2011,3,False,2,True,2,13.013031,15.908900000000001,0.655652,0.184309,289,1767,2056,2,2
74,75,2011-03-16,1,2011,3,False,3,True,2,14.973897000000001,18.3465,0.776522,0.203117,321,1871,2192,2,2
75,76,2011-03-17,1,2011,3,False,4,True,1,17.015,20.51665,0.602917,0.209579,424,2320,2744,2,2
76,77,2011-03-18,1,2011,3,False,5,True,1,22.14,26.35045,0.525217,0.231017,884,2355,3239,2,3
77,78,2011-03-19,1,2011,3,False,6,False,1,19.3725,23.32625,0.379167,0.368167,1424,1693,3117,2,2
78,79,2011-03-20,1,2011,3,False,0,False,1,13.6325,16.287499999999998,0.47375,0.207721,1047,1424,2471,2,2
79,80,2011-03-21,2,2011,3,False,1,True,2,17.647835,20.48675,0.737391,0.288783,401,1676,2077,2,2
80,81,2011-03-22,2,2011,3,False,2,True,1,18.108347,22.0321,0.624583,0.22575,460,2243,2703,2,2
81,82,2011-03-23,2,2011,3,False,3,True,2,14.225237,16.89695,0.839565,0.234261,203,1918,2121,2,2
82,83,2011-03-24,2,2011,3,False,4,True,2,11.684999999999999,13.541649999999999,0.805833,0.243787,166,1699,1865,1,2
83,84,2011-03-25,2,2011,3,False,5,True,1,10.830846999999999,12.8156,0.495,0.230725,300,1910,2210,1,2
84,85,2011-03-26,2,2011,3,False,6,False,1,10.899153,12.87855,0.394167,0.209571,981,1515,2496,1,2
85,86,2011-03-27,2,2011,3,False,0,False,2,10.374763000000002,12.51695,0.493913,0.1843,472,1221,1693,1,2
86,87,2011-03-28,2,2011,3,False,1,True,1,10.838268000000001,12.878700000000002,0.302174,0.212204,222,1806,2028,1,2
87,88,2011-03-29,2,2011,3,False,2,True,1,12.4025,14.6454,0.314167,0.226996,317,2108,2425,2,2
88,89,2011-03-30,2,2011,3,False,3,True,2,12.299999999999999,14.8675,0.646667,0.172888,168,1368,1536,2,2
89,90,2011-03-31,2,2011,3,False,4,True,3,11.001653,12.87875,0.918333,0.217646,179,1506,1685,1,2
90,91,2011-04-01,2,2011,4,False,5,True,2,12.299999999999999,14.172699999999999,0.68625,0.258708,307,1920,2227,2,2
91,92,2011-04-02,2,2011,4,False,6,False,2,12.915000000000001,15.78185,0.65375,0.197146,898,1354,2252,2,2
92,93,2011-04-03,2,2011,4,False,0,False,1,15.511652999999999,18.93835,0.48,0.182213,1651,1598,3249,2,2
93,94,2011-04-04,2,2011,4,False,1,True,1,23.506653,27.14645,0.42625,0.385571,734,2381,3115,2,3
94,95,2011-04-05,2,2011,4,False,2,True,2,16.980847,19.9175,0.642083,0.388067,167,1628,1795,2,2
95,96,2011-04-06,2,2011,4,False,3,True,1,16.024153,19.3804,0.470833,0.263063,413,2395,2808,2,2
96,97,2011-04-07,2,2011,4,False,4,True,1,17.9375,21.684800000000003,0.602917,0.162312,571,2570,3141,2,2
97,98,2011-04-08,2,2011,4,False,5,True,2,13.769153,16.223950000000002,0.83625,0.226992,172,1299,1471,2,2
98,99,2011-04-09,2,2011,4,False,6,False,2,14.0425,17.07645,0.8775,0.133083,879,1576,2455,2,2
99,100,2011-04-10,2,2011,4,False,0,False,2,17.493347,21.33685,0.8575,0.146767,1188,1707,2895,2,2
100,101,2011-04-11,2,2011,4,False,1,True,2,24.421732,28.260849999999998,0.716956,0.324474,855,2493,3348,2,3
101,102,2011-04-12,2,2011,4,False,2,True,2,20.6025,24.6527,0.739167,0.274879,257,1777,2034,2,2
102,103,2011-04-13,2,2011,4,False,3,True,2,16.912499999999998,20.864150000000002,0.819167,0.250617,209,1953,2162,2,2
103,104,2011-04-14,2,2011,4,False,4,True,1,19.1675,23.1371,0.540417,0.1107,529,2738,3267,2,2
104,105,2011-04-15,2,2011,4,True,5,False,1,18.313347,22.09565,0.67125,0.226375,642,2484,3126,2,2
105,106,2011-04-16,2,2011,4,False,6,False,3,17.664153000000002,21.2746,0.888333,0.340808,121,674,795,2,2
106,107,2011-04-17,2,2011,4,False,0,False,1,18.723347,22.2848,0.479583,0.303496,1558,2186,3744,2,2
107,108,2011-04-18,2,2011,4,False,1,True,1,21.0125,25.1573,0.5425,0.163567,669,2760,3429,2,3
108,109,2011-04-19,2,2011,4,False,2,True,2,20.739152999999998,24.4629,0.665833,0.157971,409,2795,3204,2,2
109,110,2011-04-20,2,2011,4,False,3,True,1,24.395,28.2196,0.614167,0.241925,613,3331,3944,2,3
110,111,2011-04-21,2,2011,4,False,4,True,1,18.825847,22.6946,0.407083,0.325258,745,3444,4189,2,2
111,112,2011-04-22,2,2011,4,False,5,True,2,13.803347,16.0977,0.729583,0.219521,177,1506,1683,2,2
112,113,2011-04-23,2,2011,4,False,6,False,2,18.86,22.50605,0.887917,0.230725,1462,2574,4036,2,2
113,114,2011-04-24,2,2011,4,False,0,False,2,23.848347,27.58815,0.810833,0.192175,1710,2481,4191,2,3
114,115,2011-04-25,2,2011,4,False,1,True,1,24.873347,28.725,0.776667,0.185333,773,3300,4073,2,3
115,116,2011-04-26,2,2011,4,False,2,True,1,25.898346999999998,29.704150000000002,0.729167,0.3265,678,3722,4400,3,3
116,117,2011-04-27,2,2011,4,False,3,True,2,25.419999999999998,28.7571,0.835417,0.3122,547,3325,3872,3,3
117,118,2011-04-28,2,2011,4,False,4,True,2,25.317500000000003,28.946450000000002,0.700833,0.320908,569,3489,4058,3,3
118,119,2011-04-29,2,2011,4,False,5,True,1,20.91,24.87315,0.457083,0.240063,878,3717,4595,2,2
119,120,2011-04-30,2,2011,4,False,6,False,1,19.3725,23.201050000000002,0.503333,0.235075,1965,3347,5312,2,2
120,121,2011-05-01,2,2011,5,False,0,False,2,18.518347,22.4102,0.762083,0.106354,1138,2213,3351,2,2
121,122,2011-05-02,2,2011,5,False,1,True,2,22.515846999999997,26.64165,0.73,0.183454,847,3554,4401,2,3
122,123,2011-05-03,2,2011,5,False,2,True,2,25.283347,29.10395,0.697083,0.342667,603,3848,4451,3,3
123,124,2011-05-04,2,2011,5,False,3,True,2,16.980847,20.2325,0.737083,0.328996,255,2378,2633,2,2
124,125,2011-05-05,2,2011,5,False,4,True,1,18.825847,22.09585,0.444167,0.295392,614,3819,4433,2,2
125,126,2011-05-06,2,2011,5,False,5,True,1,19.645847,23.70585,0.59,0.228246,894,3714,4608,2,2
126,127,2011-05-07,2,2011,5,False,6,False,1,21.32,25.63105,0.54125,0.16045,1612,3102,4714,2,3
127,128,2011-05-08,2,2011,5,False,0,False,1,21.661653,25.946649999999998,0.631667,0.0746375,1401,2932,4333,2,3
128,129,2011-05-09,2,2011,5,False,1,True,1,21.8325,26.2623,0.58875,0.176,664,3698,4362,2,3
129,130,2011-05-10,2,2011,5,False,2,True,1,21.8325,26.13605,0.489167,0.115671,694,4109,4803,2,3
130,131,2011-05-11,2,2011,5,False,3,True,1,22.2425,26.419999999999998,0.632917,0.120642,550,3632,4182,2,3
131,132,2011-05-12,2,2011,5,False,4,True,1,21.935000000000002,26.16815,0.7475,0.189667,695,4169,4864,2,3
132,133,2011-05-13,2,2011,5,False,5,True,2,21.0125,24.715,0.863333,0.179725,692,3413,4105,2,2
133,134,2011-05-14,2,2011,5,False,6,False,2,21.354153,25.03145,0.9225,0.13495,902,2507,3409,2,3
134,135,2011-05-15,2,2011,5,False,0,False,2,23.0625,26.8,0.867083,0.152979,1582,2971,4553,2,3
135,136,2011-05-16,2,2011,5,False,1,True,1,23.677500000000002,27.5256,0.787917,0.126871,773,3185,3958,2,3
136,137,2011-05-17,2,2011,5,False,2,True,2,23.028347,26.926450000000003,0.837917,0.277354,678,3445,4123,2,3
137,138,2011-05-18,2,2011,5,False,3,True,2,22.55,26.3579,0.87,0.201492,536,3319,3855,2,3
138,139,2011-05-19,2,2011,5,False,4,True,2,21.764153,25.537100000000002,0.829583,0.108213,735,3840,4575,2,3
139,140,2011-05-20,2,2011,5,False,5,True,1,22.003347,26.4521,0.719583,0.125013,909,4008,4917,2,3
140,141,2011-05-21,2,2011,5,False,6,False,1,24.7025,28.59875,0.626667,0.12065,2258,3547,5805,2,3
141,142,2011-05-22,2,2011,5,False,0,False,1,24.770847,28.725,0.749583,0.148008,1576,3084,4660,2,3
142,143,2011-05-23,2,2011,5,False,1,True,2,25.898346999999998,29.5148,0.81,0.233842,836,3438,4274,3,3
143,144,2011-05-24,2,2011,5,False,2,True,2,27.060000000000002,30.240650000000002,0.740833,0.207092,659,3833,4492,3,3
144,145,2011-05-25,2,2011,5,False,3,True,1,27.094153,30.7771,0.69625,0.154233,740,4238,4978,3,3
145,146,2011-05-26,2,2011,5,False,4,True,1,29.041653,32.7344,0.6775,0.199642,758,3919,4677,3,3
146,147,2011-05-27,2,2011,5,False,5,True,1,27.948347000000002,31.8504,0.65375,0.240679,871,3808,4679,3,3
147,148,2011-05-28,2,2011,5,False,6,False,1,26.889153,30.61895,0.729583,0.230092,2001,2757,4758,3,3
148,149,2011-05-29,2,2011,5,False,0,False,1,27.3675,30.777500000000003,0.81875,0.213938,2355,2433,4788,3,3
149,150,2011-05-30,2,2011,5,True,1,False,1,30.066653000000002,33.5546,0.685,0.131225,1549,2549,4098,3,3
150,151,2011-05-31,2,2011,5,False,2,True,1,31.775000000000002,36.26915,0.636667,0.111329,673,3309,3982,3,4
151,152,2011-06-01,2,2011,6,False,3,True,2,31.330847000000002,36.04835,0.677083,0.207092,513,3461,3974,3,4
152,153,2011-06-02,2,2011,6,False,4,True,1,29.314999999999998,32.1971,0.305,0.292287,736,4232,4968,3,3
153,154,2011-06-03,2,2011,6,False,5,True,1,25.419999999999998,29.356650000000002,0.354167,0.253121,898,4414,5312,3,3
154,155,2011-06-04,2,2011,6,False,6,False,1,26.035,29.7348,0.45625,0.123142,1869,3473,5342,3,3
155,156,2011-06-05,2,2011,6,False,0,False,2,26.581653000000003,30.8402,0.6525,0.138692,1685,3221,4906,3,3
156,157,2011-06-06,2,2011,6,False,1,True,1,27.811653,31.0929,0.6,0.121896,673,3875,4548,3,3
157,158,2011-06-07,2,2011,6,False,2,True,1,29.0075,32.7975,0.597917,0.187808,763,4070,4833,3,3
158,159,2011-06-08,2,2011,6,False,3,True,1,31.809153,36.36395,0.622083,0.136817,676,3725,4401,3,4
159,160,2011-06-09,2,2011,6,False,4,True,2,33.141653,37.87895,0.568333,0.149883,563,3352,3915,3,4
160,161,2011-06-10,2,2011,6,False,5,True,1,30.955000000000002,35.1646,0.605,0.140554,815,3771,4586,3,4
161,162,2011-06-11,2,2011,6,False,6,False,1,29.724999999999998,33.901900000000005,0.654583,0.15485,1729,3237,4966,3,3
162,163,2011-06-12,2,2011,6,False,0,False,1,28.392500000000002,32.166250000000005,0.747917,0.163567,1467,2993,4460,3,3
163,164,2011-06-13,2,2011,6,False,1,True,1,26.035,30.082700000000003,0.494583,0.30535,863,4157,5020,3,3
164,165,2011-06-14,2,2011,6,False,2,True,1,24.770847,29.5773,0.507083,0.269283,727,4164,4891,2,3
165,166,2011-06-15,2,2011,6,False,3,True,1,25.693347,29.3877,0.471667,0.167912,769,4411,5180,3,3
166,167,2011-06-16,2,2011,6,False,4,True,2,25.761653000000003,29.767300000000002,0.688333,0.206471,545,3222,3767,3,3
167,168,2011-06-17,2,2011,6,False,5,True,1,26.615847000000002,30.01915,0.735833,0.143029,863,3981,4844,3,3
168,169,2011-06-18,2,2011,6,False,6,False,1,28.563347,32.197700000000005,0.670417,0.119408,1807,3312,5119,3,3
169,170,2011-06-19,2,2011,6,False,0,False,2,28.665847,32.292300000000004,0.666667,0.102,1639,3105,4744,3,3
170,171,2011-06-20,2,2011,6,False,1,True,2,26.035,29.767300000000002,0.74625,0.155475,699,3311,4010,3,3
171,172,2011-06-21,3,2011,6,False,2,True,2,27.914153000000002,31.8823,0.770417,0.171025,774,4061,4835,3,3
172,173,2011-06-22,3,2011,6,False,3,True,1,30.066653000000002,34.69145,0.7075,0.172262,661,3846,4507,3,4
173,174,2011-06-23,3,2011,6,False,4,True,2,29.861653,34.69165,0.703333,0.238804,746,4044,4790,3,4
174,175,2011-06-24,3,2011,6,False,5,True,1,29.690847,32.82915,0.573333,0.222025,969,4022,4991,3,3
175,176,2011-06-25,3,2011,6,False,6,False,1,28.494999999999997,32.16565,0.483333,0.209571,1782,3420,5202,3,3
176,177,2011-06-26,3,2011,6,False,0,False,1,27.880000000000003,31.88145,0.513333,0.0945333,1920,3385,5305,3,3
177,178,2011-06-27,3,2011,6,False,1,True,2,27.982499999999998,31.8502,0.658333,0.107588,854,3854,4708,3,3
178,179,2011-06-28,3,2011,6,False,2,True,1,30.510847000000002,34.6279,0.634167,0.144283,732,3916,4648,3,4
179,180,2011-06-29,3,2011,6,False,3,True,1,29.861653,32.7344,0.497917,0.261821,848,4377,5225,3,3
180,181,2011-06-30,3,2011,6,False,4,True,1,28.563347,31.8504,0.434167,0.185312,1027,4488,5515,3,3
181,182,2011-07-01,3,2011,7,False,5,True,1,29.622500000000002,32.6081,0.39625,0.102608,1246,4116,5362,3,3
182,183,2011-07-02,3,2011,7,False,6,False,1,30.271653,33.3654,0.444583,0.115062,2204,2915,5119,3,3
183,184,2011-07-03,3,2011,7,False,0,False,2,29.383347,33.42875,0.6825,0.228858,2282,2367,4649,3,3
184,185,2011-07-04,3,2011,7,True,1,False,2,29.793346999999997,33.27085,0.637917,0.0814792,3065,2978,6043,3,3
185,186,2011-07-05,3,2011,7,False,2,True,1,30.613346999999997,34.816900000000004,0.590417,0.126258,1031,3634,4665,3,4
186,187,2011-07-06,3,2011,7,False,3,True,1,29.52,34.28165,0.743333,0.149883,784,3845,4629,3,4
187,188,2011-07-07,3,2011,7,False,4,True,1,30.75,34.34355,0.65125,0.1592,754,3838,4592,3,4
188,189,2011-07-08,3,2011,7,False,5,True,2,29.075847,33.524150000000006,0.757917,0.225129,692,3348,4040,3,3
189,190,2011-07-09,3,2011,7,False,6,False,1,30.066653000000002,33.2079,0.609167,0.167912,1988,3348,5336,3,3
190,191,2011-07-10,3,2011,7,False,0,False,1,30.6475,34.50125,0.578333,0.183471,1743,3138,4881,3,4
191,192,2011-07-11,3,2011,7,False,1,True,1,31.2625,36.4902,0.635833,0.282337,723,3363,4086,3,4
192,193,2011-07-12,3,2011,7,False,2,True,1,32.560846999999995,36.96375,0.559167,0.200254,662,3596,4258,3,4
193,194,2011-07-13,3,2011,7,False,3,True,1,30.613346999999997,34.4702,0.631667,0.146133,748,3594,4342,3,4
194,195,2011-07-14,3,2011,7,False,4,True,1,27.914153000000002,31.7552,0.47625,0.240667,888,4196,5084,3,3
195,196,2011-07-15,3,2011,7,False,5,True,1,27.196652999999998,31.21855,0.59125,0.182833,1318,4220,5538,3,3
196,197,2011-07-16,3,2011,7,False,6,False,1,28.153347,31.91315,0.585,0.208342,2418,3505,5923,3,3
197,198,2011-07-17,3,2011,7,False,0,False,1,29.485847,33.49165,0.604167,0.245033,2006,3296,5302,3,3
198,199,2011-07-18,3,2011,7,False,1,True,1,30.613346999999997,35.19625,0.65125,0.215804,841,3617,4458,3,4
199,200,2011-07-19,3,2011,7,False,2,True,1,31.843347,37.37395,0.650417,0.1306,752,3789,4541,3,4
200,201,2011-07-20,3,2011,7,False,3,True,1,31.501653,37.3425,0.707083,0.113817,644,3688,4332,3,4
201,202,2011-07-21,3,2011,7,False,4,True,2,33.415,41.31855,0.69125,0.222021,632,3152,3784,3,4
202,203,2011-07-22,3,2011,7,False,5,True,1,34.781653,42.0448,0.580417,0.1331,562,2825,3387,4,4
203,204,2011-07-23,3,2011,7,False,6,False,1,34.815847,40.214349999999996,0.5,0.131221,987,2298,3285,4,4
204,205,2011-07-24,3,2011,7,False,0,False,1,34.03,39.74145,0.550833,0.169171,1050,2556,3606,4,4
205,206,2011-07-25,3,2011,7,False,1,True,1,30.476653000000002,36.0479,0.757083,0.0908083,568,3272,3840,3,4
206,207,2011-07-26,3,2011,7,False,2,True,1,31.638347,34.84895,0.540833,0.200258,750,3840,4590,3,4
207,208,2011-07-27,3,2011,7,False,3,True,1,31.775000000000002,34.53335,0.402917,0.183463,755,3901,4656,3,4
208,209,2011-07-28,3,2011,7,False,4,True,1,31.945847,36.995,0.583333,0.178479,606,3784,4390,3,4
209,210,2011-07-29,3,2011,7,False,5,True,1,34.371653,39.29835,0.5425,0.174138,670,3176,3846,4,4
210,211,2011-07-30,3,2011,7,False,6,False,1,32.970847,36.42685,0.465833,0.168537,1559,2916,4475,3,4
211,212,2011-07-31,3,2011,7,False,0,False,1,33.039153,36.4898,0.480833,0.164813,1524,2778,4302,3,4
212,213,2011-08-01,3,2011,8,False,1,True,1,31.638347,35.1646,0.550833,0.156717,729,3537,4266,3,4
213,214,2011-08-02,3,2011,8,False,2,True,1,32.116653,35.35355,0.49125,0.20585,801,4044,4845,3,4
214,215,2011-08-03,3,2011,8,False,3,True,2,29.998347,33.99685,0.6575,0.135583,467,3107,3574,3,3
215,216,2011-08-04,3,2011,8,False,4,True,2,29.11,33.2394,0.7575,0.19715,799,3777,4576,3,3
216,217,2011-08-05,3,2011,8,False,5,True,1,29.144153000000003,32.82835,0.630833,0.184696,1023,3843,4866,3,3
217,218,2011-08-06,3,2011,8,False,6,False,2,29.383347,33.807700000000004,0.755,0.22825,1521,2773,4294,3,3
218,219,2011-08-07,3,2011,8,False,0,False,1,30.442500000000003,35.7646,0.752917,0.201487,1298,2487,3785,3,4
219,220,2011-08-08,3,2011,8,False,1,True,1,31.365000000000002,35.16415,0.592083,0.192175,846,3480,4326,3,4
220,221,2011-08-09,3,2011,8,False,2,True,1,31.775000000000002,36.20605,0.570417,0.151121,907,3695,4602,3,4
221,222,2011-08-10,3,2011,8,False,3,True,1,31.433346999999998,34.24915,0.424167,0.200258,884,3896,4780,3,4
222,223,2011-08-11,3,2011,8,False,4,True,1,29.4175,32.57605,0.42375,0.164796,812,3980,4792,3,3
223,224,2011-08-12,3,2011,8,False,5,True,1,29.041653,32.7021,0.415,0.125621,1051,3854,4905,3,3
224,225,2011-08-13,3,2011,8,False,6,False,2,28.119153,32.2929,0.729583,0.211454,1504,2646,4150,3,3
225,226,2011-08-14,3,2011,8,False,0,False,2,27.743347,31.219400000000004,0.8175,0.222633,1338,2482,3820,3,3
226,227,2011-08-15,3,2011,8,False,1,True,1,27.299153,30.80835,0.712083,0.208954,775,3563,4338,3,3
227,228,2011-08-16,3,2011,8,False,2,True,1,28.734153000000003,32.29185,0.578333,0.236329,721,4004,4725,3,3
228,229,2011-08-17,3,2011,8,False,3,True,1,29.656653,33.33355,0.575417,0.143667,668,4026,4694,3,3
229,230,2011-08-18,3,2011,8,False,4,True,1,29.178347000000002,33.1129,0.654583,0.233208,639,3166,3805,3,3
230,231,2011-08-19,3,2011,8,False,5,True,2,28.085,31.661050000000003,0.722917,0.139308,797,3356,4153,3,3
231,232,2011-08-20,3,2011,8,False,6,False,1,28.5975,32.4498,0.674167,0.104467,1914,3277,5191,3,3
232,233,2011-08-21,3,2011,8,False,0,False,1,29.144153000000003,33.776250000000005,0.77,0.248754,1249,2624,3873,3,3
233,234,2011-08-22,3,2011,8,False,1,True,1,28.358347000000002,31.9127,0.47,0.27675,833,3925,4758,3,3
234,235,2011-08-23,3,2011,8,False,2,True,1,26.274153,30.303350000000002,0.455417,0.146763,1281,4614,5895,3,3
235,236,2011-08-24,3,2011,8,False,3,True,1,27.606652999999998,31.5346,0.605,0.253108,949,4181,5130,3,3
236,237,2011-08-25,3,2011,8,False,4,True,2,28.050846999999997,32.2927,0.771667,0.210833,435,3107,3542,3,3
237,238,2011-08-26,3,2011,8,False,5,True,1,28.7,32.98665,0.76125,0.0839625,768,3893,4661,3,3
238,239,2011-08-27,3,2011,8,False,6,False,2,27.880000000000003,31.7778,0.85,0.375617,226,889,1115,3,3
239,240,2011-08-28,3,2011,8,False,0,False,1,28.989418999999998,32.397949999999994,0.561765,0.304659,1415,2919,4334,3,3
240,241,2011-08-29,3,2011,8,False,1,True,1,26.103347,30.3979,0.554583,0.159825,729,3905,4634,3,3
241,242,2011-08-30,3,2011,8,False,2,True,1,26.205847000000002,29.7352,0.548333,0.125008,775,4429,5204,3,3
242,243,2011-08-31,3,2011,8,False,3,True,1,26.923347,30.556050000000003,0.597917,0.0833333,688,4370,5058,3,3
243,244,2011-09-01,3,2011,9,False,4,True,1,26.855,30.746050000000004,0.639167,0.141796,783,4332,5115,3,3
244,245,2011-09-02,3,2011,9,False,5,True,2,26.376653,30.2404,0.727083,0.139929,875,3852,4727,3,3
245,246,2011-09-03,3,2011,9,False,6,False,1,27.435847,31.66065,0.716667,0.185325,1935,2549,4484,3,3
246,247,2011-09-04,3,2011,9,False,0,False,1,29.075847,33.27145,0.742083,0.206467,2521,2419,4940,3,3
247,248,2011-09-05,3,2011,9,True,1,False,2,27.606652999999998,31.282300000000003,0.790417,0.212696,1236,2115,3351,3,3
248,249,2011-09-06,3,2011,9,False,2,True,3,22.14,25.759999999999998,0.886957,0.343943,204,2506,2710,2,3
249,250,2011-09-07,3,2011,9,False,3,True,3,24.565847,27.21145,0.917083,0.0970208,118,1878,1996,2,3
250,251,2011-09-08,3,2011,9,False,4,True,3,25.990433,27.76805,0.939565,0.192748,153,1689,1842,3,3
251,252,2011-09-09,3,2011,9,False,5,True,2,26.650000000000002,28.9473,0.897917,0.124379,417,3127,3544,3,3
252,253,2011-09-10,3,2011,9,False,6,False,1,27.060000000000002,30.3981,0.75375,0.153608,1750,3595,5345,3,3
253,254,2011-09-11,3,2011,9,False,0,False,1,26.786653,30.46145,0.71375,0.115054,1633,3413,5046,3,3
254,255,2011-09-12,3,2011,9,False,1,True,1,26.418268,30.106500000000004,0.692174,0.088913,690,4023,4713,3,3
255,256,2011-09-13,3,2011,9,False,2,True,1,26.684153,30.1777,0.7125,0.141804,701,4062,4763,3,3
256,257,2011-09-14,3,2011,9,False,3,True,1,27.606652999999998,31.345,0.697083,0.1673,647,4138,4785,3,3
257,258,2011-09-15,3,2011,9,False,4,True,2,23.677500000000002,27.68355,0.709167,0.271146,428,3231,3659,2,3
258,259,2011-09-16,3,2011,9,False,5,True,2,19.235847,23.07375,0.590417,0.164183,742,4018,4760,2,2
259,260,2011-09-17,3,2011,9,False,6,False,2,20.158347,23.9256,0.718333,0.189675,1434,3077,4511,2,2
260,261,2011-09-18,3,2011,9,False,0,False,1,20.807499999999997,24.52685,0.695,0.178483,1353,2921,4274,2,2
261,262,2011-09-19,3,2011,9,False,1,True,2,22.515846999999997,26.48375,0.69,0.151742,691,3848,4539,2,3
262,263,2011-09-20,3,2011,9,False,2,True,2,23.028347,26.610850000000003,0.88125,0.134954,438,3203,3641,2,3
263,264,2011-09-21,3,2011,9,False,3,True,2,24.395,27.526650000000004,0.9,0.0964042,539,3813,4352,2,3
264,265,2011-09-22,3,2011,9,False,4,True,2,25.761653000000003,27.74815,0.902083,0.128125,555,4240,4795,3,3
265,266,2011-09-23,4,2011,9,False,5,True,2,24.975847,26.106249999999996,0.9725,0.0783667,258,2137,2395,2,3
266,267,2011-09-24,4,2011,9,False,6,False,2,24.873347,28.2206,0.8625,0.0783833,1776,3647,5423,2,3
267,268,2011-09-25,4,2011,9,False,0,False,2,26.000847,28.631849999999996,0.845,0.0503792,1544,3466,5010,3,3
268,269,2011-09-26,4,2011,9,False,1,True,2,26.615847000000002,29.452099999999998,0.848333,0.1107,684,3946,4630,3,3
269,270,2011-09-27,4,2011,9,False,2,True,2,26.103347,28.726249999999997,0.885417,0.118171,477,3643,4120,3,3
270,271,2011-09-28,4,2011,9,False,3,True,2,26.035,28.757899999999996,0.84875,0.148629,480,3427,3907,3,3
271,272,2011-09-29,4,2011,9,False,4,True,1,25.283347,28.7256,0.699167,0.172883,653,4186,4839,3,3
272,273,2011-09-30,4,2011,9,False,5,True,1,23.130847,27.24145,0.6475,0.206475,830,4372,5202,2,3
273,274,2011-10-01,4,2011,10,False,6,False,2,16.81,20.64315,0.75375,0.292296,480,1949,2429,2,2
274,275,2011-10-02,4,2011,10,False,0,False,2,14.623347,17.26585,0.791667,0.222013,616,2302,2918,2,2
275,276,2011-10-03,4,2011,10,False,1,True,2,15.750846999999998,19.6023,0.760833,0.0833458,330,3240,3570,2,2
276,277,2011-10-04,4,2011,10,False,2,True,1,19.850847,23.6429,0.71,0.205854,486,3970,4456,2,2
277,278,2011-10-05,4,2011,10,False,3,True,1,22.071652999999998,26.3569,0.647917,0.17725,559,4267,4826,2,3
278,279,2011-10-06,4,2011,10,False,4,True,1,20.260847000000002,24.02125,0.620833,0.134954,639,4126,4765,2,2
279,280,2011-10-07,4,2011,10,False,5,True,1,20.944153,25.2202,0.684167,0.0223917,949,4036,4985,2,3
280,281,2011-10-08,4,2011,10,False,6,False,1,21.388347,25.6621,0.70125,0.0454042,2235,3174,5409,2,3
281,282,2011-10-09,4,2011,10,False,0,False,1,22.174153,26.19915,0.7275,0.06345,2397,3114,5511,2,3
282,283,2011-10-10,4,2011,10,True,1,False,1,23.404153,27.14625,0.73375,0.0423042,1514,3603,5117,2,3
283,284,2011-10-11,4,2011,10,False,2,True,2,23.233347000000002,27.3048,0.80875,0.143042,667,3896,4563,2,3
284,285,2011-10-12,4,2011,10,False,3,True,3,22.276653,25.885849999999998,0.90625,0.24815,217,2199,2416,2,3
285,286,2011-10-13,4,2011,10,False,4,True,2,24.155847,27.5902,0.896667,0.141787,290,2623,2913,2,3
286,287,2011-10-14,4,2011,10,False,5,True,2,22.584153,26.48375,0.71625,0.223883,529,3115,3644,2,3
287,288,2011-10-15,4,2011,10,False,6,False,1,20.773346999999998,24.936249999999998,0.483333,0.258083,1899,3318,5217,2,2
288,289,2011-10-16,4,2011,10,False,0,False,1,20.978347,25.1577,0.486667,0.281717,1748,3293,5041,2,3
289,290,2011-10-17,4,2011,10,False,1,True,1,21.900847,25.53625,0.579583,0.175379,713,3857,4570,2,3
290,291,2011-10-18,4,2011,10,False,2,True,2,21.8325,26.13605,0.701667,0.110087,637,4111,4748,2,3
291,292,2011-10-19,4,2011,10,False,3,True,3,22.211299,25.6924,0.895217,0.243339,254,2170,2424,2,3
292,293,2011-10-20,4,2011,10,False,4,True,1,19.509153,23.32625,0.63625,0.422275,471,3724,4195,2,2
293,294,2011-10-21,4,2011,10,False,5,True,1,17.5275,21.1798,0.574167,0.221396,676,3628,4304,2,2
294,295,2011-10-22,4,2011,10,False,6,False,1,17.322499999999998,21.2746,0.629167,0.0926667,1499,2809,4308,2,2
295,296,2011-10-23,4,2011,10,False,0,False,1,17.288347,21.11665,0.74125,0.0995125,1619,2762,4381,2,2
296,297,2011-10-24,4,2011,10,False,1,True,1,18.996653,22.85335,0.772083,0.118792,699,3488,4187,2,2
297,298,2011-10-25,4,2011,10,False,2,True,1,19.338347,23.16875,0.622917,0.166658,695,3992,4687,2,2
298,299,2011-10-26,4,2011,10,False,3,True,2,19.850847,23.6423,0.720417,0.148642,404,3490,3894,2,2
299,300,2011-10-27,4,2011,10,False,4,True,2,19.27,22.8523,0.812917,0.197763,240,2419,2659,2,2
300,301,2011-10-28,4,2011,10,False,5,True,2,13.564153,15.9406,0.585833,0.229479,456,3291,3747,2,2
301,302,2011-10-29,4,2011,10,False,6,False,3,10.420846999999998,11.39565,0.8825,0.351371,57,570,627,1,1
302,303,2011-10-30,4,2011,10,False,0,False,1,13.085847,16.06645,0.62375,0.176617,885,2446,3331,2,2
303,304,2011-10-31,4,2011,10,False,1,True,1,13.940000000000001,17.803150000000002,0.703333,0.10635,362,3307,3669,2,2
304,305,2011-11-01,4,2011,11,False,2,True,1,16.434153,19.8544,0.68375,0.135571,410,3658,4068,2,2
305,306,2011-11-02,4,2011,11,False,3,True,1,15.477500000000001,19.50665,0.71875,0.0820917,370,3816,4186,2,2
306,307,2011-11-03,4,2011,11,False,4,True,1,16.741653,20.296049999999997,0.702083,0.136817,318,3656,3974,2,2
307,308,2011-11-04,4,2011,11,False,5,True,2,16.536653,20.1696,0.6225,0.271779,470,3576,4046,2,2
308,309,2011-11-05,4,2011,11,False,6,False,1,13.393346999999999,16.1927,0.519167,0.189062,1156,2770,3926,2,2
309,310,2011-11-06,4,2011,11,False,0,False,1,14.281653,18.117900000000002,0.734583,0.0920542,952,2697,3649,2,2
310,311,2011-11-07,4,2011,11,False,1,True,1,16.195,20.04355,0.75875,0.057225,373,3662,4035,2,2
311,312,2011-11-08,4,2011,11,False,2,True,1,16.741653,20.6123,0.721667,0.0690375,376,3829,4205,2,2
312,313,2011-11-09,4,2011,11,False,3,True,1,16.400000000000002,20.453950000000003,0.758333,0.0621958,305,3804,4109,2,2
313,314,2011-11-10,4,2011,11,False,4,True,2,15.58,18.68605,0.813333,0.189067,190,2743,2933,2,2
314,315,2011-11-11,4,2011,11,True,5,False,1,13.290847,15.34085,0.44625,0.314675,440,2928,3368,2,2
315,316,2011-11-12,4,2011,11,False,6,False,1,14.623347,17.8971,0.552917,0.212062,1275,2792,4067,2,2
316,317,2011-11-13,4,2011,11,False,0,False,1,18.074153,21.5275,0.458333,0.281721,1004,2713,3717,2,2
317,318,2011-11-14,4,2011,11,False,1,True,1,21.73,26.2306,0.587083,0.306596,595,3891,4486,2,3
318,319,2011-11-15,4,2011,11,False,2,True,2,21.73,25.37895,0.68875,0.199633,449,3746,4195,2,3
319,320,2011-11-16,4,2011,11,False,3,True,3,18.723347,22.5994,0.93,0.136829,145,1672,1817,2,2
320,321,2011-11-17,4,2011,11,False,4,True,2,14.008347,16.16105,0.575833,0.305362,139,2914,3053,2,2
321,322,2011-11-18,4,2011,11,False,5,True,1,11.240847,13.63605,0.41,0.168533,245,3147,3392,1,2
322,323,2011-11-19,4,2011,11,False,6,False,1,13.495847,16.22415,0.502083,0.224496,943,2720,3663,2,2
323,324,2011-11-20,4,2011,11,False,0,False,2,18.996653,22.8529,0.684583,0.18595,787,2733,3520,2,2
324,325,2011-11-21,4,2011,11,False,1,True,3,18.3475,22.2531,0.91,0.138054,220,2545,2765,2,2
325,326,2011-11-22,4,2011,11,False,2,True,3,17.083347,21.0848,0.9625,0.118792,69,1538,1607,2,2
326,327,2011-11-23,4,2011,11,False,3,True,2,18.074153,21.52685,0.757917,0.335825,112,2454,2566,2,2
327,328,2011-11-24,4,2011,11,True,4,False,1,15.306653,18.62355,0.549167,0.167304,560,935,1495,2,2
328,329,2011-11-25,4,2011,11,False,5,True,1,15.375,19.033549999999998,0.64375,0.0988958,1095,1697,2792,2,2
329,330,2011-11-26,4,2011,11,False,6,False,1,15.409152999999998,19.254350000000002,0.681667,0.0684208,1249,1819,3068,2,2
330,331,2011-11-27,4,2011,11,False,0,False,1,18.825847,22.79,0.698333,0.208954,810,2261,3071,2,2
331,332,2011-11-28,4,2011,11,False,1,True,1,20.642598,24.5061,0.743043,0.142122,253,3614,3867,2,2
332,333,2011-11-29,4,2011,11,False,2,True,2,18.791653,22.56875,0.830833,0.258092,96,2818,2914,2,2
333,334,2011-11-30,4,2011,11,False,3,True,1,13.325000000000001,15.561050000000002,0.613333,0.271158,188,3425,3613,2,2
334,335,2011-12-01,4,2011,12,False,4,True,1,12.8125,15.2777,0.524583,0.220158,182,3545,3727,2,2
335,336,2011-12-02,4,2011,12,False,5,True,1,12.880847,16.571649999999998,0.625833,0.100754,268,3672,3940,2,2
336,337,2011-12-03,4,2011,12,False,6,False,1,12.265847,15.530199999999999,0.612917,0.0957833,706,2908,3614,2,2
337,338,2011-12-04,4,2011,12,False,0,False,1,13.564153,17.455000000000002,0.775833,0.0839583,634,2851,3485,2,2
338,339,2011-12-05,4,2011,12,False,1,True,2,15.819153,19.696250000000003,0.827083,0.0622083,233,3578,3811,2,2
339,340,2011-12-06,4,2011,12,False,2,True,3,18.962500000000002,22.82,0.949583,0.232583,126,2468,2594,2,2
340,341,2011-12-07,4,2011,12,False,3,True,3,16.81,20.0123,0.970417,0.266175,50,655,705,2,2
341,342,2011-12-08,4,2011,12,False,4,True,1,10.899153,12.8469,0.58,0.240058,150,3172,3322,1,2
342,343,2011-12-09,4,2011,12,False,5,True,1,11.924153,15.877099999999999,0.695833,0.0827167,261,3359,3620,1,2
343,344,2011-12-10,4,2011,12,False,6,False,1,11.275,13.320599999999999,0.5075,0.233221,502,2688,3190,1,2
344,345,2011-12-11,4,2011,12,False,0,False,1,9.054153,12.6577,0.49,0.0665417,377,2366,2743,1,2
345,346,2011-12-12,4,2011,12,False,1,True,1,9.771652999999999,13.5098,0.670833,0.06345,143,3167,3310,1,2
346,347,2011-12-13,4,2011,12,False,2,True,1,11.5825,15.0569,0.59,0.14055,155,3368,3523,1,2
347,348,2011-12-14,4,2011,12,False,3,True,2,13.0175,16.9181,0.66375,0.0609583,178,3562,3740,2,2
348,349,2011-12-15,4,2011,12,False,4,True,2,17.322499999999998,20.61185,0.634167,0.268042,181,3528,3709,2,2
349,350,2011-12-16,4,2011,12,False,5,True,2,15.375,17.99125,0.500417,0.260575,178,3399,3577,2,2
350,351,2011-12-17,4,2011,12,False,6,False,2,10.591652999999999,12.46855,0.560833,0.243167,275,2464,2739,1,2
351,352,2011-12-18,4,2011,12,False,0,False,1,9.771652999999999,12.27895,0.58625,0.169779,220,2211,2431,1,2
352,353,2011-12-19,4,2011,12,False,1,True,1,11.343347,14.04665,0.6375,0.172896,260,3143,3403,1,2
353,354,2011-12-20,4,2011,12,False,2,True,2,15.819153,19.822699999999998,0.595417,0.0615708,216,3534,3750,2,2
354,355,2011-12-21,1,2011,12,False,3,True,2,17.561653,21.40085,0.858333,0.2214,107,2553,2660,2,2
355,356,2011-12-22,1,2011,12,False,4,True,2,17.356653,21.306050000000003,0.7575,0.047275,227,2841,3068,2,2
356,357,2011-12-23,1,2011,12,False,5,True,1,15.306653,18.87565,0.68625,0.274246,163,2046,2209,2,2
357,358,2011-12-24,1,2011,12,False,6,False,1,12.4025,14.9621,0.5425,0.190304,155,856,1011,2,2
358,359,2011-12-25,1,2011,12,False,0,False,1,11.266103,13.998050000000001,0.681304,0.155091,303,451,754,1,2
359,360,2011-12-26,1,2011,12,True,1,False,1,13.191299,15.77675,0.506957,0.239465,430,887,1317,2,2
360,361,2011-12-27,1,2011,12,False,2,True,2,13.325000000000001,16.38165,0.7625,0.18845,103,1059,1162,2,2
361,362,2011-12-28,1,2011,12,False,3,True,1,12.264330000000001,13.9987,0.503913,0.293961,255,2047,2302,2,2
362,363,2011-12-29,1,2011,12,False,4,True,1,10.181653,13.194600000000001,0.574167,0.119412,254,2169,2423,1,2
363,364,2011-12-30,1,2011,12,False,5,True,1,12.778347000000002,15.9406,0.636667,0.134337,491,2508,2999,2,2
364,365,2011-12-31,1,2011,12,False,6,False,1,16.81,20.70605,0.615833,0.220154,665,1820,2485,2,2
365,366,2012-01-01,1,2012,1,False,0,False,1,15.17,18.78105,0.6925,0.192167,686,1608,2294,2,2
366,367,2012-01-02,1,2012,1,True,1,False,1,11.194763,12.615199999999998,0.381304,0.329665,244,1707,1951,1,2
367,368,2012-01-03,1,2012,1,False,2,True,1,6.1499999999999995,6.31375,0.44125,0.365671,89,2147,2236,1,1
368,369,2012-01-04,1,2012,1,False,3,True,2,4.4075,5.96685,0.414583,0.1847,95,2273,2368,1,1
369,370,2012-01-05,1,2012,1,False,4,True,1,10.899153,13.9206,0.524167,0.129987,140,3132,3272,1,2
370,371,2012-01-06,1,2012,1,False,5,True,1,13.700847,17.01335,0.542083,0.167908,307,3791,4098,2,2
371,372,2012-01-07,1,2012,1,False,6,False,1,16.126653,19.53895,0.531667,0.174758,1070,3451,4521,2,2
372,373,2012-01-08,1,2012,1,False,0,False,1,13.8375,17.012900000000002,0.465,0.191542,599,2826,3425,2,2
373,374,2012-01-09,1,2012,1,False,1,True,2,9.190847,12.37395,0.701667,0.0989,106,2270,2376,1,2
374,375,2012-01-10,1,2012,1,False,2,True,1,12.656536000000001,15.9413,0.646522,0.187552,173,3425,3598,2,2
375,376,2012-01-11,1,2012,1,False,3,True,2,11.240847,14.14105,0.8475,0.131221,92,2085,2177,1,2
376,377,2012-01-12,1,2012,1,False,4,True,2,15.682500000000001,19.0969,0.802917,0.180967,269,3828,4097,2,2
377,378,2012-01-13,1,2012,1,False,5,True,1,11.240847,12.4681,0.5075,0.378108,174,3040,3214,1,2
378,379,2012-01-14,1,2012,1,False,6,False,1,7.38,9.15435,0.4575,0.187183,333,2160,2493,1,1
379,380,2012-01-15,1,2012,1,False,0,False,1,6.833347000000001,8.081249999999999,0.419167,0.251258,284,2027,2311,1,1
380,381,2012-01-16,1,2012,1,True,1,False,1,7.79,9.53315,0.5225,0.231358,217,2081,2298,1,1
381,382,2012-01-17,1,2012,1,False,2,True,2,15.294763,18.2139,0.716087,0.34913,127,2808,2935,2,2
382,383,2012-01-18,1,2012,1,False,3,True,1,12.436653000000002,13.7627,0.443333,0.415429,109,3267,3376,2,2
383,384,2012-01-19,1,2012,1,False,4,True,1,7.79,9.501900000000001,0.4975,0.220158,130,3162,3292,1,1
384,385,2012-01-20,1,2012,1,False,5,True,2,8.9175,11.047899999999998,0.45,0.20275,115,3048,3163,1,1
385,386,2012-01-21,1,2012,1,False,6,False,2,7.106653,8.74375,0.83125,0.222642,67,1234,1301,1,1
386,387,2012-01-22,1,2012,1,False,0,False,2,6.6625000000000005,8.1125,0.79625,0.199638,196,1781,1977,1,1
387,388,2012-01-23,1,2012,1,False,1,True,2,8.951653,12.152899999999999,0.91125,0.110708,145,2287,2432,1,2
388,389,2012-01-24,1,2012,1,False,2,True,1,14.0425,17.455399999999997,0.835833,0.123767,439,3900,4339,2,2
389,390,2012-01-25,1,2012,1,False,3,True,1,12.060847,14.74105,0.64375,0.161071,467,3803,4270,2,2
390,391,2012-01-26,1,2012,1,False,4,True,2,14.008347,17.8025,0.769583,0.0733958,244,3831,4075,2,2
391,392,2012-01-27,1,2012,1,False,5,True,2,17.425,20.76915,0.74125,0.342667,269,3187,3456,2,2
392,393,2012-01-28,1,2012,1,False,6,False,1,12.949152999999999,16.318949999999997,0.543333,0.210829,775,3248,4023,2,2
393,394,2012-01-29,1,2012,1,False,0,False,1,11.5825,13.63605,0.31125,0.24005,558,2685,3243,1,2
394,395,2012-01-30,1,2012,1,False,1,True,1,11.035847,13.13125,0.400833,0.215792,126,3498,3624,1,2
395,396,2012-01-31,1,2012,1,False,2,True,1,15.99,19.06585,0.416667,0.261817,324,4185,4509,2,2
396,397,2012-02-01,1,2012,2,False,3,True,1,19.235847,23.326900000000002,0.507917,0.189067,304,4275,4579,2,2
397,398,2012-02-02,1,2012,2,False,4,True,2,16.365847,19.94855,0.672917,0.187187,190,3571,3761,2,2
398,399,2012-02-03,1,2012,2,False,5,True,1,12.846652999999998,15.4673,0.526667,0.178496,310,3841,4151,2,2
399,400,2012-02-04,1,2012,2,False,6,False,2,10.830846999999999,13.63625,0.779583,0.121896,384,2448,2832,1,2
400,401,2012-02-05,1,2012,2,False,0,False,2,10.899153,13.22605,0.687917,0.175996,318,2629,2947,1,2
401,402,2012-02-06,1,2012,2,False,1,True,1,11.586969,14.8213,0.622174,0.1538,206,3578,3784,1,2
402,403,2012-02-07,1,2012,2,False,2,True,1,14.520847,18.0552,0.49625,0.147379,199,4176,4375,2,2
403,404,2012-02-08,1,2012,2,False,3,True,2,10.523347,13.321050000000001,0.722917,0.133721,109,2693,2802,1,2
404,405,2012-02-09,1,2012,2,False,4,True,1,10.865,13.0994,0.562083,0.194037,163,3667,3830,1,2
405,406,2012-02-10,1,2012,2,False,5,True,2,11.514153,14.6779,0.54,0.116929,227,3604,3831,1,2
406,407,2012-02-11,1,2012,2,False,6,False,3,9.190847,10.54335,0.73125,0.289796,192,1977,2169,1,1
407,408,2012-02-12,1,2012,2,False,0,False,1,5.2275,5.0828999999999995,0.464583,0.409212,73,1456,1529,1,1
408,409,2012-02-13,1,2012,2,False,1,True,1,9.1225,11.39565,0.41125,0.167283,94,3328,3422,1,1
409,410,2012-02-14,1,2012,2,False,2,True,2,13.085847,16.697300000000002,0.50875,0.141179,135,3787,3922,2,2
410,411,2012-02-15,1,2012,2,False,3,True,1,14.281653,17.58145,0.53125,0.1816,141,4028,4169,2,2
411,412,2012-02-16,1,2012,2,False,4,True,2,12.983346999999998,16.5081,0.752917,0.091425,74,2931,3005,2,2
412,413,2012-02-17,1,2012,2,False,5,True,1,14.076653,17.58145,0.634583,0.205846,349,3805,4154,2,2
413,414,2012-02-18,1,2012,2,False,6,False,1,14.213347,17.77125,0.534583,0.190929,1435,2883,4318,2,2
414,415,2012-02-19,1,2012,2,False,0,False,2,11.48,13.2894,0.515833,0.253112,618,2071,2689,1,2
415,416,2012-02-20,1,2012,2,True,1,False,1,11.48,13.66955,0.507826,0.229083,502,2627,3129,1,2
416,417,2012-02-21,1,2012,2,False,2,True,1,11.800866000000001,14.755650000000001,0.594348,0.205717,163,3614,3777,1,2
417,418,2012-02-22,1,2012,2,False,3,True,1,16.229153,19.63335,0.567917,0.234471,394,4379,4773,2,2
418,419,2012-02-23,1,2012,2,False,4,True,1,18.620846999999998,22.2223,0.554583,0.190913,516,4546,5062,2,2
419,420,2012-02-24,1,2012,2,False,5,True,2,16.7075,20.54855,0.7375,0.237567,246,3241,3487,2,2
420,421,2012-02-25,1,2012,2,False,6,False,1,11.924153,12.78375,0.395833,0.421642,317,2415,2732,1,2
421,422,2012-02-26,1,2012,2,False,0,False,1,11.445847,13.4154,0.41,0.205229,515,2874,3389,1,2
422,423,2012-02-27,1,2012,2,False,1,True,1,15.033347000000001,17.8977,0.490833,0.268033,253,4069,4322,2,2
423,424,2012-02-28,1,2012,2,False,2,True,1,14.725847,17.67625,0.395833,0.193417,229,4134,4363,2,2
424,425,2012-02-29,1,2012,2,False,3,True,2,14.118267999999999,17.4235,0.804783,0.179117,65,1769,1834,2,2
425,426,2012-03-01,1,2012,3,False,4,True,1,19.919153,23.768549999999998,0.615417,0.226987,325,4665,4990,2,2
426,427,2012-03-02,1,2012,3,False,5,True,2,14.486653,17.9921,0.657083,0.144904,246,2948,3194,2,2
427,428,2012-03-03,1,2012,3,False,6,False,2,16.980847,20.6746,0.62125,0.161079,956,3110,4066,2,2
428,429,2012-03-04,1,2012,3,False,0,False,1,13.359153,15.15105,0.403333,0.334571,710,2713,3423,2,2
429,430,2012-03-05,1,2012,3,False,1,True,1,9.976652999999999,12.05855,0.50625,0.228858,203,3130,3333,1,2
430,431,2012-03-06,1,2012,3,False,2,True,1,10.591652999999999,12.752099999999999,0.456667,0.200875,221,3735,3956,1,2
431,432,2012-03-07,1,2012,3,False,3,True,1,16.570847,19.255,0.513333,0.345779,432,4484,4916,2,2
432,433,2012-03-08,1,2012,3,False,4,True,1,21.627499999999998,26.230199999999996,0.5675,0.441563,486,4896,5382,2,3
433,434,2012-03-09,1,2012,3,False,5,True,2,16.844153,19.85415,0.407083,0.4148,447,4122,4569,2,2
434,435,2012-03-10,1,2012,3,False,6,False,1,11.7875,13.888349999999999,0.350417,0.22575,968,3150,4118,1,2
435,436,2012-03-11,1,2012,3,False,0,False,1,14.831299,17.9835,0.476957,0.222587,1658,3253,4911,2,2
436,437,2012-03-12,1,2012,3,False,1,True,1,19.133347,22.9796,0.489167,0.207713,838,4460,5298,2,2
437,438,2012-03-13,1,2012,3,False,2,True,1,23.165,27.14645,0.6175,0.23695,762,5085,5847,2,3
438,439,2012-03-14,1,2012,3,False,3,True,1,23.4725,27.43085,0.507083,0.115062,997,5315,6312,2,3
439,440,2012-03-15,1,2012,3,False,4,True,1,22.857499999999998,26.64125,0.579583,0.149883,1005,5187,6192,2,3
440,441,2012-03-16,1,2012,3,False,5,True,2,17.869153,21.81145,0.842083,0.113192,548,3830,4378,2,2
441,442,2012-03-17,1,2012,3,False,6,False,2,21.080847000000002,25.252299999999998,0.755833,0.110704,3155,4681,7836,2,3
442,443,2012-03-18,1,2012,3,False,0,False,2,19.3725,23.200000000000003,0.81,0.126883,2207,3685,5892,2,2
443,444,2012-03-19,1,2012,3,False,1,True,1,22.345000000000002,26.64105,0.72875,0.162317,982,5171,6153,2,3
444,445,2012-03-20,1,2012,3,False,2,True,1,22.994153,26.926650000000002,0.807917,0.121271,1051,5042,6093,2,3
445,446,2012-03-21,2,2012,3,False,3,True,2,21.798347,25.6629,0.82125,0.0895583,1122,5108,6230,2,3
446,447,2012-03-22,2,2012,3,False,4,True,1,22.720847,26.57835,0.83125,0.117562,1334,5537,6871,2,3
447,448,2012-03-23,2,2012,3,False,5,True,2,24.668346999999997,28.50335,0.694167,0.1163,2469,5893,8362,2,3
448,449,2012-03-24,2,2012,3,False,6,False,2,20.6025,24.336650000000002,0.885417,0.192783,1033,2339,3372,2,2
449,450,2012-03-25,2,2012,3,False,0,False,2,17.9375,21.874399999999998,0.880833,0.220775,1532,3464,4996,2,2
450,451,2012-03-26,2,2012,3,False,1,True,1,18.279153,21.9375,0.477917,0.386821,795,4763,5558,2,2
451,452,2012-03-27,2,2012,3,False,2,True,1,13.256653,15.7827,0.29,0.187192,531,4571,5102,2,2
452,453,2012-03-28,2,2012,3,False,3,True,1,19.850847,23.5475,0.48125,0.291671,674,5024,5698,2,2
453,454,2012-03-29,2,2012,3,False,4,True,1,20.260847000000002,24.1152,0.439167,0.31965,834,5299,6133,2,2
454,455,2012-03-30,2,2012,3,False,5,True,2,15.17,18.78105,0.580833,0.138067,796,4663,5459,2,2
455,456,2012-03-31,2,2012,3,False,6,False,2,17.390847,21.0854,0.738333,0.250617,2301,3934,6235,2,2
456,457,2012-04-01,2,2012,4,False,0,False,2,17.459153,20.86435,0.67625,0.172267,2347,3694,6041,2,2
457,458,2012-04-02,2,2012,4,False,1,True,1,17.790433,21.37565,0.504348,0.312139,1208,4728,5936,2,2
458,459,2012-04-03,2,2012,4,False,2,True,1,19.133347,23.07415,0.396667,0.100133,1348,5424,6772,2,2
459,460,2012-04-04,2,2012,4,False,3,True,1,22.208347,26.6725,0.469583,0.180975,1058,5378,6436,2,3
460,461,2012-04-05,2,2012,4,False,4,True,1,17.835,21.55815,0.374167,0.219529,1192,5265,6457,2,2
461,462,2012-04-06,2,2012,4,False,5,True,1,16.536653,19.538349999999998,0.377083,0.300388,1807,4653,6460,2,2
462,463,2012-04-07,2,2012,4,False,6,False,1,17.9375,21.306449999999998,0.254167,0.274871,3252,3605,6857,2,2
463,464,2012-04-08,2,2012,4,False,0,False,1,20.5,24.62125,0.275833,0.232596,2230,2939,5169,2,2
464,465,2012-04-09,2,2012,4,False,1,True,1,20.055847,23.8319,0.3175,0.358196,905,4680,5585,2,2
465,466,2012-04-10,2,2012,4,False,2,True,1,18.313347,21.81165,0.435,0.249375,819,5099,5918,2,2
466,467,2012-04-11,2,2012,4,False,3,True,1,14.296536,16.8637,0.469565,0.295274,482,4380,4862,2,2
467,468,2012-04-12,2,2012,4,False,4,True,1,16.2975,19.3802,0.46625,0.290429,663,4746,5409,2,2
468,469,2012-04-13,2,2012,4,False,5,True,1,18.142500000000002,21.590400000000002,0.408333,0.155471,1252,5146,6398,2,2
469,470,2012-04-14,2,2012,4,False,6,False,1,20.294999999999998,24.3998,0.502917,0.190917,2795,4665,7460,2,2
470,471,2012-04-15,2,2012,4,False,0,False,1,24.873347,28.69375,0.507917,0.225129,2846,4286,7132,2,3
471,472,2012-04-16,2,2012,4,True,1,False,1,27.230846999999997,30.746250000000003,0.561667,0.284829,1198,5172,6370,3,3
472,473,2012-04-17,2,2012,4,False,2,True,1,24.941653000000002,29.92435,0.390417,0.273629,989,5702,6691,2,3
473,474,2012-04-18,2,2012,4,False,3,True,2,18.996653,22.8519,0.569167,0.167912,347,4020,4367,2,2
474,475,2012-04-19,2,2012,4,False,4,True,1,20.431653,24.6523,0.6125,0.0659292,846,5719,6565,2,2
475,476,2012-04-20,2,2012,4,False,5,True,1,21.593347,25.78875,0.694583,0.149871,1340,5950,7290,2,3
476,477,2012-04-21,2,2012,4,False,6,False,1,23.369999999999997,27.14605,0.682917,0.283587,2541,4083,6624,2,3
477,478,2012-04-22,2,2012,4,False,0,False,3,16.263347,19.4752,0.835417,0.344546,120,907,1027,2,2
478,479,2012-04-23,2,2012,4,False,1,True,2,13.188346999999998,15.056249999999999,0.766667,0.303496,195,3019,3214,2,2
479,480,2012-04-24,2,2012,4,False,2,True,1,16.946653,20.26415,0.454167,0.249383,518,5115,5633,2,2
480,481,2012-04-25,2,2012,4,False,3,True,1,19.543347,23.51585,0.427917,0.118792,655,5541,6196,2,2
481,482,2012-04-26,2,2012,4,False,4,True,2,20.431653,24.17915,0.756667,0.176625,475,4551,5026,2,2
482,483,2012-04-27,2,2012,4,False,5,True,1,18.7575,22.63185,0.400833,0.347633,1014,5219,6233,2,2
483,484,2012-04-28,2,2012,4,False,6,False,2,15.443347,18.8752,0.489583,0.129975,1120,3100,4220,2,2
484,485,2012-04-29,2,2012,4,False,0,False,1,18.791653,22.50605,0.587083,0.116908,2229,4075,6304,2,2
485,486,2012-04-30,2,2012,4,False,1,True,2,19.030847,22.8848,0.57,0.171638,665,4907,5572,2,2
486,487,2012-05-01,2,2012,5,False,2,True,2,25.146653,28.85105,0.659583,0.156096,653,5087,5740,3,3
487,488,2012-05-02,2,2012,5,False,3,True,1,23.130847,26.894800000000004,0.797083,0.138058,667,5502,6169,2,3
488,489,2012-05-03,2,2012,5,False,4,True,2,22.96,26.862099999999998,0.768333,0.133696,764,5657,6421,2,3
489,490,2012-05-04,2,2012,5,False,5,True,1,25.7275,29.54585,0.735417,0.162938,1069,5227,6296,3,3
490,491,2012-05-05,2,2012,5,False,6,False,2,25.488346999999997,29.2304,0.756667,0.152992,2496,4387,6883,3,3
491,492,2012-05-06,2,2012,5,False,0,False,2,23.0625,27.336850000000002,0.74,0.149879,2135,4224,6359,2,3
492,493,2012-05-07,2,2012,5,False,1,True,2,22.037499999999998,26.3571,0.664167,0.230721,1008,5265,6273,2,3
493,494,2012-05-08,2,2012,5,False,2,True,2,23.848347,27.87355,0.685833,0.296029,738,4990,5728,2,3
494,495,2012-05-09,2,2012,5,False,3,True,2,23.575,27.65125,0.744167,0.216412,620,4097,4717,2,3
495,496,2012-05-10,2,2012,5,False,4,True,1,20.739152999999998,24.58915,0.552083,0.314063,1026,5546,6572,2,2
496,497,2012-05-11,2,2012,5,False,5,True,1,21.866653,26.04165,0.360417,0.236937,1319,5711,7030,2,3
497,498,2012-05-12,2,2012,5,False,6,False,1,23.130847,27.24085,0.480417,0.123133,2622,4807,7429,2,3
498,499,2012-05-13,2,2012,5,False,0,False,1,25.1125,29.2619,0.57625,0.225117,2172,3946,6118,3,3
499,500,2012-05-14,2,2012,5,False,1,True,2,23.506653,27.495000000000005,0.789583,0.212692,342,2501,2843,2,3
500,501,2012-05-15,2,2012,5,False,2,True,2,25.078346999999997,28.8202,0.794583,0.147392,625,4490,5115,3,3
501,502,2012-05-16,2,2012,5,False,3,True,1,26.103347,29.798750000000002,0.697917,0.122512,991,6433,7424,3,3
502,503,2012-05-17,2,2012,5,False,4,True,1,24.326653,28.630650000000003,0.52,0.229475,1242,6142,7384,2,3
503,504,2012-05-18,2,2012,5,False,5,True,1,23.130847,27.55605,0.523333,0.136817,1521,6118,7639,2,3
504,505,2012-05-19,2,2012,5,False,6,False,1,24.599999999999998,28.345399999999998,0.45625,0.083975,3410,4884,8294,2,3
505,506,2012-05-20,2,2012,5,False,0,False,1,25.454152999999998,29.19835,0.530417,0.254367,2704,4425,7129,3,3
506,507,2012-05-21,2,2012,5,False,1,True,2,24.531653,28.283350000000002,0.81125,0.233204,630,3729,4359,2,3
507,508,2012-05-22,2,2012,5,False,2,True,2,25.215,29.04125,0.765833,0.118167,819,5254,6073,3,3
508,509,2012-05-23,2,2012,5,False,3,True,2,25.488346999999997,29.230600000000003,0.774583,0.102,766,4494,5260,3,3
509,510,2012-05-24,2,2012,5,False,4,True,1,26.855,30.335,0.716667,0.172896,1059,5711,6770,3,3
510,511,2012-05-25,2,2012,5,False,5,True,1,27.880000000000003,31.37645,0.747083,0.14055,1417,5317,6734,3,3
511,512,2012-05-26,2,2012,5,False,6,False,1,28.392500000000002,32.134800000000006,0.7325,0.198992,2855,3681,6536,3,3
512,513,2012-05-27,2,2012,5,False,0,False,1,28.29,32.07125,0.697083,0.215171,3283,3308,6591,3,3
513,514,2012-05-28,2,2012,5,True,1,False,1,29.212500000000002,33.965,0.67625,0.196521,2557,3486,6043,3,3
514,515,2012-05-29,2,2012,5,False,2,True,1,29.622500000000002,33.6496,0.684583,0.2954,880,4863,5743,3,3
515,516,2012-05-30,2,2012,5,False,3,True,2,26.923347,30.55645,0.67,0.134329,745,6110,6855,3,3
516,517,2012-05-31,2,2012,5,False,4,True,1,27.880000000000003,31.566450000000003,0.492917,0.195279,1100,6238,7338,3,3
517,518,2012-06-01,2,2012,6,False,5,True,2,26.820847,30.3981,0.755417,0.237563,533,3594,4127,3,3
518,519,2012-06-02,2,2012,6,False,6,False,1,23.916653,28.3144,0.549167,0.186562,2795,5325,8120,2,3
519,520,2012-06-03,2,2012,6,False,0,False,1,24.7025,28.75665,0.493333,0.184087,2494,5147,7641,2,3
520,521,2012-06-04,2,2012,6,False,1,True,1,24.497500000000002,28.91415,0.487083,0.284833,1071,5927,6998,2,3
521,522,2012-06-05,2,2012,6,False,2,True,2,22.174153,26.294600000000003,0.613333,0.209575,968,6033,7001,2,3
522,523,2012-06-06,2,2012,6,False,3,True,1,22.720847,27.1146,0.61125,0.077125,1027,6028,7055,2,3
523,524,2012-06-07,2,2012,6,False,4,True,1,24.7025,28.4721,0.567083,0.15735,1038,6456,7494,2,3
524,525,2012-06-08,2,2012,6,False,5,True,1,26.615847000000002,29.8931,0.467917,0.175383,1488,6248,7736,3,3
525,526,2012-06-09,2,2012,6,False,6,False,1,29.144153000000003,32.418350000000004,0.437083,0.144287,2708,4790,7498,3,3
526,527,2012-06-10,2,2012,6,False,0,False,1,29.793346999999997,33.175850000000004,0.538333,0.133721,2224,4374,6598,3,3
527,528,2012-06-11,2,2012,6,False,1,True,2,29.554153,32.98605,0.587917,0.207713,1017,5647,6664,3,3
528,529,2012-06-12,2,2012,6,False,2,True,2,26.786653,29.89375,0.833333,0.214546,477,4495,4972,3,3
529,530,2012-06-13,2,2012,6,False,3,True,1,26.889153,30.55585,0.582083,0.343279,1173,6248,7421,3,3
530,531,2012-06-14,2,2012,6,False,4,True,1,26.581653000000003,31.219150000000003,0.569583,0.253733,1180,6183,7363,3,3
531,532,2012-06-15,2,2012,6,False,5,True,1,26.205847000000002,29.9877,0.589583,0.176617,1563,6102,7665,3,3
532,533,2012-06-16,2,2012,6,False,6,False,1,25.898346999999998,29.735400000000002,0.504167,0.166667,2963,4739,7702,3,3
533,534,2012-06-17,2,2012,6,False,0,False,1,24.2925,28.59875,0.59875,0.144904,2634,4344,6978,2,3
534,535,2012-06-18,2,2012,6,False,1,True,2,23.301652999999998,27.2421,0.777917,0.174746,653,4446,5099,2,3
535,536,2012-06-19,2,2012,6,False,2,True,1,28.221653,32.7346,0.69,0.148017,968,5857,6825,3,3
536,537,2012-06-20,2,2012,6,False,3,True,1,32.082499999999996,36.04875,0.592083,0.113812,872,5339,6211,3,4
537,538,2012-06-21,3,2012,6,False,4,True,1,33.039153,37.6271,0.567917,0.118787,778,5127,5905,3,4
538,539,2012-06-22,3,2012,6,False,5,True,1,31.877499999999998,36.20605,0.57375,0.182842,964,4859,5823,3,4
539,540,2012-06-23,3,2012,6,False,6,False,1,29.998347,32.6396,0.534583,0.179721,2657,4801,7458,3,3
540,541,2012-06-24,3,2012,6,False,0,False,1,30.476653000000002,33.7127,0.479167,0.145525,2551,4340,6891,3,3
541,542,2012-06-25,3,2012,6,False,1,True,1,29.349153,32.7021,0.504167,0.300383,1139,5640,6779,3,3
542,543,2012-06-26,3,2012,6,False,2,True,1,25.864152999999998,29.7352,0.373333,0.347642,1077,6365,7442,3,3
543,544,2012-06-27,3,2012,6,False,3,True,1,28.5975,32.0396,0.36,0.271775,1077,6258,7335,3,3
544,545,2012-06-28,3,2012,6,False,4,True,1,30.715847,33.7756,0.4225,0.17165,921,5958,6879,3,3
545,546,2012-06-29,3,2012,6,False,5,True,1,34.200847,39.33065,0.48875,0.165417,829,4634,5463,4,4
546,547,2012-06-30,3,2012,6,False,6,False,1,31.365000000000002,34.3754,0.60125,0.161071,1455,4232,5687,3,4
547,548,2012-07-01,3,2012,7,False,0,False,1,33.449153,37.53145,0.51875,0.168529,1421,4110,5531,3,4
548,549,2012-07-02,3,2012,7,False,1,True,1,32.048347,35.1019,0.447083,0.195267,904,5323,6227,3,4
549,550,2012-07-03,3,2012,7,False,2,True,1,32.014153,35.1325,0.492083,0.126237,1052,5608,6660,3,4
550,551,2012-07-04,3,2012,7,True,3,False,1,32.355847,36.61685,0.53875,0.13495,2562,4841,7403,3,4
551,552,2012-07-05,3,2012,7,False,4,True,1,33.9275,38.06835,0.457917,0.194029,1405,4836,6241,3,4
552,553,2012-07-06,3,2012,7,False,5,True,1,33.961653,37.62665,0.450833,0.146142,1366,4841,6207,3,4
553,554,2012-07-07,3,2012,7,False,6,False,1,35.328347,40.24565,0.492083,0.163554,1448,3392,4840,4,4
554,555,2012-07-08,3,2012,7,False,0,False,1,33.722500000000004,39.5198,0.57375,0.125629,1203,3469,4672,3,4
555,556,2012-07-09,3,2012,7,False,1,True,2,29.144153000000003,32.7027,0.683333,0.180975,998,5571,6569,3,3
556,557,2012-07-10,3,2012,7,False,2,True,2,29.554153,33.2398,0.6675,0.151737,954,5336,6290,3,3
557,558,2012-07-11,3,2012,7,False,3,True,1,29.383347,32.51355,0.633333,0.151733,975,6289,7264,3,3
558,559,2012-07-12,3,2012,7,False,4,True,1,29.349153,32.73415,0.529583,0.146775,1032,6414,7446,3,3
559,560,2012-07-13,3,2012,7,False,5,True,2,29.998347,33.39665,0.485833,0.08085,1511,5988,7499,3,3
560,561,2012-07-14,3,2012,7,False,6,False,2,28.836653,33.3021,0.699167,0.143679,2355,4614,6969,3,3
561,562,2012-07-15,3,2012,7,False,0,False,1,30.579152999999998,35.259800000000006,0.717917,0.166667,1920,4111,6031,3,4
562,563,2012-07-16,3,2012,7,False,1,True,1,31.296653000000003,36.206250000000004,0.645,0.164187,1088,5742,6830,3,4
563,564,2012-07-17,3,2012,7,False,2,True,1,33.551653,37.78415,0.505833,0.114429,921,5865,6786,3,4
564,565,2012-07-18,3,2012,7,False,3,True,1,32.526652999999996,37.27915,0.577083,0.137442,799,4914,5713,3,4
565,566,2012-07-19,3,2012,7,False,4,True,1,31.57,35.7321,0.600417,0.165429,888,5703,6591,3,4
566,567,2012-07-20,3,2012,7,False,5,True,2,27.299153,30.65125,0.844167,0.208967,747,5123,5870,3,3
567,568,2012-07-21,3,2012,7,False,6,False,3,24.429153,27.495599999999996,0.865417,0.2133,1264,3195,4459,2,3
568,569,2012-07-22,3,2012,7,False,0,False,2,27.3675,31.156250000000004,0.7625,0.0939208,2544,4866,7410,3,3
569,570,2012-07-23,3,2012,7,False,1,True,1,30.408347,34.50085,0.694167,0.138683,1135,5831,6966,3,4
570,571,2012-07-24,3,2012,7,False,2,True,1,30.784153,35.3225,0.655,0.211454,1140,6452,7592,3,4
571,572,2012-07-25,3,2012,7,False,3,True,1,29.690847,32.7027,0.45,0.1648,1383,6790,8173,3,3
572,573,2012-07-26,3,2012,7,False,4,True,1,31.843347,36.96315,0.596667,0.284813,1036,5825,6861,3,4
573,574,2012-07-27,3,2012,7,False,5,True,1,32.048347,36.71085,0.594583,0.152992,1259,5645,6904,3,4
574,575,2012-07-28,3,2012,7,False,6,False,1,30.989152999999998,34.8802,0.613333,0.15735,2234,4451,6685,3,4
575,576,2012-07-29,3,2012,7,False,0,False,1,29.588347,33.39665,0.62375,0.170396,2153,4444,6597,3,3
576,577,2012-07-30,3,2012,7,False,1,True,1,29.964153,34.24935,0.66875,0.153617,1040,6065,7105,3,4
577,578,2012-07-31,3,2012,7,False,2,True,1,29.246653,33.144800000000004,0.704167,0.165425,968,6248,7216,3,3
578,579,2012-08-01,3,2012,8,False,3,True,1,29.4175,33.3654,0.6775,0.141179,1074,6506,7580,3,3
579,580,2012-08-02,3,2012,8,False,4,True,1,30.8525,35.354400000000005,0.659583,0.129354,983,6278,7261,3,4
580,581,2012-08-03,3,2012,8,False,5,True,2,31.399153,36.143350000000005,0.6425,0.215792,1328,5847,7175,3,4
581,582,2012-08-04,3,2012,8,False,6,False,1,32.526652999999996,37.56335,0.613333,0.257458,2345,4479,6824,3,4
582,583,2012-08-05,3,2012,8,False,0,False,1,31.535847,36.55395,0.6525,0.290421,1707,3757,5464,3,4
583,584,2012-08-06,3,2012,8,False,1,True,2,30.8525,35.5123,0.654167,0.129354,1233,5780,7013,3,4
584,585,2012-08-07,3,2012,8,False,2,True,2,30.169152999999998,34.88105,0.70375,0.116908,1278,5995,7273,3,4
585,586,2012-08-08,3,2012,8,False,3,True,2,30.75,35.385850000000005,0.672917,0.1107,1263,6271,7534,3,4
586,587,2012-08-09,3,2012,8,False,4,True,1,30.989152999999998,34.9754,0.620417,0.1561,1196,6090,7286,3,4
587,588,2012-08-10,3,2012,8,False,5,True,2,29.349153,33.3971,0.715833,0.238813,1065,4721,5786,3,3
588,589,2012-08-11,3,2012,8,False,6,False,2,28.392500000000002,31.91335,0.732917,0.206479,2247,4052,6299,3,3
589,590,2012-08-12,3,2012,8,False,0,False,1,28.734153000000003,32.22895,0.530417,0.122512,2182,4362,6544,3,3
590,591,2012-08-13,3,2012,8,False,1,True,1,29.554153,33.112700000000004,0.545417,0.136212,1207,5676,6883,3,3
591,592,2012-08-14,3,2012,8,False,2,True,1,29.793346999999997,33.838950000000004,0.686667,0.169158,1128,5656,6784,3,3
592,593,2012-08-15,3,2012,8,False,3,True,1,28.973347,32.70185,0.619583,0.169771,1198,6149,7347,3,3
593,594,2012-08-16,3,2012,8,False,4,True,1,29.485847,32.7344,0.519167,0.141796,1338,6267,7605,3,3
594,595,2012-08-17,3,2012,8,False,5,True,1,29.656653,12.120000000000001,0.570833,0.231354,1483,5665,7148,3,2
595,596,2012-08-18,3,2012,8,False,6,False,1,27.811653,30.903550000000003,0.603333,0.177867,2827,5038,7865,3,3
596,597,2012-08-19,3,2012,8,False,0,False,2,26.069153,30.1777,0.711667,0.08645,1208,3341,4549,3,3
597,598,2012-08-20,3,2012,8,False,1,True,2,26.069153,29.798350000000003,0.734167,0.129979,1026,5504,6530,3,3
598,599,2012-08-21,3,2012,8,False,2,True,1,26.615847000000002,30.051250000000003,0.67375,0.0727708,1081,5925,7006,3,3
599,600,2012-08-22,3,2012,8,False,3,True,1,27.3675,31.0927,0.677083,0.0702833,1094,6281,7375,3,3
600,601,2012-08-23,3,2012,8,False,4,True,1,28.529153,31.8504,0.635833,0.0845958,1363,6402,7765,3,3
601,602,2012-08-24,3,2012,8,False,5,True,2,28.802500000000002,32.355000000000004,0.615,0.0721458,1325,6257,7582,3,3
602,603,2012-08-25,3,2012,8,False,6,False,2,27.128347,30.934800000000003,0.712917,0.244408,1829,4224,6053,3,3
603,604,2012-08-26,3,2012,8,False,0,False,2,26.786653,29.799799999999998,0.845833,0.228858,1483,3772,5255,3,3
604,605,2012-08-27,3,2012,8,False,1,True,1,28.836653,32.7344,0.730417,0.128733,989,5928,6917,3,3
605,606,2012-08-28,3,2012,8,False,2,True,1,29.861653,33.3025,0.62,0.190925,935,6105,7040,3,3
606,607,2012-08-29,3,2012,8,False,3,True,1,28.085,31.786649999999998,0.552083,0.112562,1177,6520,7697,3,3
607,608,2012-08-30,3,2012,8,False,4,True,1,28.973347,32.63895,0.590417,0.0771167,1172,6541,7713,3,3
608,609,2012-08-31,3,2012,8,False,5,True,1,31.330847000000002,34.47,0.5875,0.168533,1433,5917,7350,3,4
609,610,2012-09-01,3,2012,9,False,6,False,2,30.886653000000003,35.1327,0.638333,0.113187,2352,3788,6140,3,4
610,611,2012-09-02,3,2012,9,False,0,False,2,28.563347,32.45,0.815,0.0640708,2613,3197,5810,3,3
611,612,2012-09-03,3,2012,9,True,1,False,1,29.0075,33.081450000000004,0.790833,0.151121,1965,4069,6034,3,3
612,613,2012-09-04,3,2012,9,False,2,True,1,29.759152999999998,34.3444,0.755,0.236321,867,5997,6864,3,4
613,614,2012-09-05,3,2012,9,False,3,True,1,30.203346999999997,35.44915,0.74125,0.187808,832,6280,7112,3,4
614,615,2012-09-06,3,2012,9,False,4,True,2,28.563347,32.766450000000006,0.810417,0.142421,611,5592,6203,3,3
615,616,2012-09-07,3,2012,9,False,5,True,1,28.836653,32.8602,0.73625,0.171646,1045,6459,7504,3,3
616,617,2012-09-08,3,2012,9,False,6,False,2,27.025847,30.556050000000003,0.799167,0.281104,1557,4419,5976,3,3
617,618,2012-09-09,3,2012,9,False,0,False,1,25.009999999999998,28.946250000000003,0.5475,0.224496,2570,5657,8227,3,3
618,619,2012-09-10,3,2012,9,False,1,True,1,23.916653,28.2827,0.50375,0.258713,1118,6407,7525,2,3
619,620,2012-09-11,3,2012,9,False,2,True,1,23.677500000000002,27.7146,0.52,0.0920542,1070,6697,7767,2,3
620,621,2012-09-12,3,2012,9,False,3,True,1,24.565847,28.50375,0.577083,0.131846,1050,6820,7870,2,3
621,622,2012-09-13,3,2012,9,False,4,True,1,25.1125,28.9779,0.637083,0.0827208,1054,6750,7804,3,3
622,623,2012-09-14,3,2012,9,False,5,True,1,25.966653,29.704150000000002,0.6725,0.103863,1379,6630,8009,3,3
623,624,2012-09-15,3,2012,9,False,6,False,1,24.941653000000002,29.29335,0.501667,0.247521,3160,5554,8714,2,3
624,625,2012-09-16,3,2012,9,False,0,False,1,23.779999999999998,28.15625,0.57,0.0901833,2166,5167,7333,2,3
625,626,2012-09-17,3,2012,9,False,1,True,2,23.814153,27.652500000000003,0.734583,0.151742,1022,5847,6869,2,3
626,627,2012-09-18,3,2012,9,False,2,True,2,25.556653,28.253349999999998,0.8725,0.357587,371,3702,4073,3,3
627,628,2012-09-19,3,2012,9,False,3,True,1,22.6525,27.0202,0.536667,0.215175,788,6803,7591,2,3
628,629,2012-09-20,3,2012,9,False,4,True,1,22.413347,26.6096,0.618333,0.118167,939,6781,7720,2,3
629,630,2012-09-21,3,2012,9,False,5,True,1,24.565847,28.59855,0.66875,0.154229,1250,6917,8167,2,3
630,631,2012-09-22,3,2012,9,False,6,False,1,26.650000000000002,30.5244,0.646667,0.283583,2512,5883,8395,3,3
631,632,2012-09-23,4,2012,9,False,0,False,1,21.695847,25.946649999999998,0.467083,0.223258,2454,5453,7907,2,3
632,633,2012-09-24,4,2012,9,False,1,True,1,21.080847000000002,25.12565,0.492917,0.142404,1001,6435,7436,2,3
633,634,2012-09-25,4,2012,9,False,2,True,1,22.55,27.208949999999998,0.57,0.236321,845,6693,7538,2,3
634,635,2012-09-26,4,2012,9,False,3,True,1,26.035,29.83065,0.630833,0.2444,787,6946,7733,3,3
635,636,2012-09-27,4,2012,9,False,4,True,2,26.650000000000002,30.398750000000003,0.690833,0.134342,751,6642,7393,3,3
636,637,2012-09-28,4,2012,9,False,5,True,2,25.385847000000002,29.29315,0.69,0.164179,1045,6370,7415,3,3
637,638,2012-09-29,4,2012,9,False,6,False,1,22.2425,26.5148,0.542917,0.227604,2589,5966,8555,2,3
638,639,2012-09-30,4,2012,9,False,0,False,1,21.593347,25.88315,0.583333,0.134958,2015,4874,6889,2,3
639,640,2012-10-01,4,2012,10,False,1,True,2,21.354153,25.6,0.649167,0.0908042,763,6015,6778,2,3
640,641,2012-10-02,4,2012,10,False,2,True,3,24.224153,27.116649999999996,0.871667,0.104475,315,4324,4639,2,3
641,642,2012-10-03,4,2012,10,False,3,True,2,26.9575,29.95665,0.79375,0.0665458,728,6844,7572,3,3
642,643,2012-10-04,4,2012,10,False,4,True,2,26.9575,30.398750000000003,0.722917,0.117546,891,6437,7328,3,3
643,644,2012-10-05,4,2012,10,False,5,True,1,25.215,29.00935,0.6275,0.10635,1516,6640,8156,3,3
644,645,2012-10-06,4,2012,10,False,6,False,1,22.720847,26.92605,0.664167,0.268025,3031,4934,7965,2,3
645,646,2012-10-07,4,2012,10,False,0,False,2,17.049153,20.99065,0.708333,0.141162,781,2729,3510,2,2
646,647,2012-10-08,4,2012,10,True,1,False,2,15.716652999999999,19.3804,0.709583,0.189679,874,4604,5478,2,2
647,648,2012-10-09,4,2012,10,False,2,True,2,18.313347,21.9056,0.761667,0.1903,601,5791,6392,2,2
648,649,2012-10-10,4,2012,10,False,3,True,1,21.080847000000002,25.1571,0.630833,0.187821,780,6911,7691,2,3
649,650,2012-10-11,4,2012,10,False,4,True,1,17.835,21.55835,0.463333,0.181596,834,6736,7570,2,2
650,651,2012-10-12,4,2012,10,False,5,True,1,17.9375,21.65355,0.539167,0.235092,1060,6222,7282,2,2
651,652,2012-10-13,4,2012,10,False,6,False,1,16.126653,19.5698,0.494583,0.146142,2252,4857,7109,2,2
652,653,2012-10-14,4,2012,10,False,0,False,1,21.388347,25.4102,0.640417,0.278612,2080,4559,6639,2,3
653,654,2012-10-15,4,2012,10,False,1,True,2,23.028347,26.9575,0.7075,0.296037,760,5115,5875,2,3
654,655,2012-10-16,4,2012,10,False,2,True,1,19.201653,23.042299999999997,0.558333,0.182221,922,6612,7534,2,2
655,656,2012-10-17,4,2012,10,False,3,True,1,18.689153,22.5054,0.692917,0.101371,979,6482,7461,2,2
656,657,2012-10-18,4,2012,10,False,4,True,2,21.4225,25.63125,0.728333,0.236937,1008,6501,7509,2,3
657,658,2012-10-19,4,2012,10,False,5,True,2,23.096653,26.894800000000004,0.815,0.134954,753,4671,5424,2,3
658,659,2012-10-20,4,2012,10,False,6,False,1,19.850847,23.6421,0.572917,0.117537,2806,5284,8090,2,2
659,660,2012-10-21,4,2012,10,False,0,False,1,19.030847,22.82145,0.51,0.166054,2132,4692,6824,2,2
660,661,2012-10-22,4,2012,10,False,1,True,1,19.9875,24.1471,0.568333,0.0814833,830,6228,7058,2,2
661,662,2012-10-23,4,2012,10,False,2,True,1,22.310847,26.5152,0.641667,0.0945458,841,6625,7466,2,3
662,663,2012-10-24,4,2012,10,False,3,True,1,24.087500000000002,27.93605,0.63625,0.0727792,795,6898,7693,2,3
663,664,2012-10-25,4,2012,10,False,4,True,2,22.55,26.4844,0.800417,0.124375,875,6484,7359,2,3
664,665,2012-10-26,4,2012,10,False,5,True,2,22.379153000000002,26.137500000000003,0.807083,0.132467,1182,6262,7444,2,3
665,666,2012-10-27,4,2012,10,False,6,False,2,21.73,25.756649999999997,0.72,0.235692,2643,5209,7852,2,3
666,667,2012-10-28,4,2012,10,False,0,False,2,19.5775,23.38855,0.694583,0.398008,998,3461,4459,2,2
667,668,2012-10-29,4,2012,10,False,1,True,3,18.04,21.97,0.88,0.3582,2,20,22,2,2
668,669,2012-10-30,4,2012,10,False,2,True,2,13.045462,15.49545,0.825455,0.213009,87,1009,1096,2,2
669,670,2012-10-31,4,2012,10,False,3,True,2,14.657499999999999,18.055,0.666667,0.166667,419,5147,5566,2,2
670,671,2012-11-01,4,2012,11,False,4,True,2,14.999153000000002,18.4971,0.581667,0.157346,466,5520,5986,2,2
671,672,2012-11-02,4,2012,11,False,5,True,1,14.555,17.802100000000003,0.522083,0.266175,618,5229,5847,2,2
672,673,2012-11-03,4,2012,11,False,6,False,2,14.076653,16.1923,0.49125,0.270529,1029,4109,5138,2,2
673,674,2012-11-04,4,2012,11,False,0,False,1,13.359153,16.4769,0.532917,0.179108,1201,3906,5107,2,2
674,675,2012-11-05,4,2012,11,False,1,True,1,13.085847,15.403749999999999,0.494167,0.236325,378,4881,5259,2,2
675,676,2012-11-06,4,2012,11,False,2,True,1,11.514153,14.07835,0.567083,0.173513,466,5220,5686,1,2
676,677,2012-11-07,4,2012,11,False,3,True,2,12.129153,13.73105,0.5475,0.304108,326,4709,5035,2,2
677,678,2012-11-08,4,2012,11,False,4,True,1,14.439134,17.09455,0.333478,0.347835,340,4975,5315,2,2
678,679,2012-11-09,4,2012,11,False,5,True,1,14.828347,17.77065,0.540833,0.214558,709,5283,5992,2,2
679,680,2012-11-10,4,2012,11,False,6,False,1,15.955846999999999,19.696849999999998,0.645417,0.0578458,2090,4446,6536,2,2
680,681,2012-11-11,4,2012,11,False,0,False,1,17.254153000000002,21.08565,0.659167,0.1275,2290,4562,6852,2,2
681,682,2012-11-12,4,2012,11,True,1,False,1,19.884999999999998,23.76915,0.741667,0.173517,1097,5172,6269,2,2
682,683,2012-11-13,4,2012,11,False,2,True,2,14.076653,16.16125,0.662917,0.342046,327,3767,4094,2,2
683,684,2012-11-14,4,2012,11,False,3,True,1,11.855847,14.07815,0.552083,0.199625,373,5122,5495,1,2
684,685,2012-11-15,4,2012,11,False,4,True,2,13.188346999999998,16.2246,0.620417,0.152987,320,5125,5445,2,2
685,686,2012-11-16,4,2012,11,False,5,True,1,14.145,17.3602,0.524583,0.171025,484,5214,5698,2,2
686,687,2012-11-17,4,2012,11,False,6,False,1,13.325000000000001,16.31915,0.545417,0.179729,1313,4316,5629,2,2
687,688,2012-11-18,4,2012,11,False,0,False,1,14.0425,16.8873,0.692917,0.227612,922,3747,4669,2,2
688,689,2012-11-19,4,2012,11,False,1,True,2,15.614152999999998,18.78105,0.623333,0.235067,449,5050,5499,2,2
689,690,2012-11-20,4,2012,11,False,2,True,2,15.340847000000002,19.03335,0.685,0.082725,534,5100,5634,2,2
690,691,2012-11-21,4,2012,11,False,3,True,1,14.486653,18.2446,0.61375,0.103246,615,4531,5146,2,2
691,692,2012-11-22,4,2012,11,True,4,False,1,13.940000000000001,17.518549999999998,0.580417,0.0528708,955,1470,2425,2,2
692,693,2012-11-23,4,2012,11,False,5,True,1,15.101653,18.93895,0.56875,0.148021,1603,2307,3910,2,2
693,694,2012-11-24,4,2012,11,False,6,False,1,11.411653,12.4371,0.404583,0.376871,532,1745,2277,1,2
694,695,2012-11-25,4,2012,11,False,0,False,1,10.079153,12.879150000000001,0.468333,0.1505,309,2115,2424,1,2
695,696,2012-11-26,4,2012,11,False,1,True,1,12.846652999999998,16.950200000000002,0.535417,0.04665,337,4750,5087,2,2
696,697,2012-11-27,4,2012,11,False,2,True,2,11.958347,14.0779,0.786667,0.237562,123,3836,3959,1,2
697,698,2012-11-28,4,2012,11,False,3,True,1,12.163347,14.488100000000001,0.50625,0.210821,198,5062,5260,2,2
698,699,2012-11-29,4,2012,11,False,4,True,1,11.51567,14.921100000000001,0.555652,0.115522,243,5080,5323,1,2
699,700,2012-11-30,4,2012,11,False,5,True,1,12.231653000000001,16.193350000000002,0.649583,0.0584708,362,5306,5668,2,2
700,701,2012-12-01,4,2012,12,False,6,False,2,12.231653000000001,15.8452,0.806667,0.0597042,951,4240,5191,2,2
701,702,2012-12-02,4,2012,12,False,0,False,2,14.247499999999999,17.9604,0.823333,0.124379,892,3757,4649,2,2
702,703,2012-12-03,4,2012,12,False,1,True,1,18.552500000000002,22.7898,0.7675,0.0827208,555,5679,6234,2,2
703,704,2012-12-04,4,2012,12,False,2,True,1,19.509153,23.4527,0.73375,0.174129,551,6055,6606,2,2
704,705,2012-12-05,4,2012,12,False,3,True,1,17.971653,21.4006,0.485,0.324021,331,5398,5729,2,2
705,706,2012-12-06,4,2012,12,False,4,True,1,10.489152999999998,12.9102,0.50875,0.174754,340,5035,5375,1,2
706,707,2012-12-07,4,2012,12,False,5,True,2,13.154152999999999,16.097900000000003,0.764167,0.1306,349,4659,5008,2,2
707,708,2012-12-08,4,2012,12,False,6,False,2,15.648347,19.4754,0.91125,0.101379,1153,4429,5582,2,2
708,709,2012-12-09,4,2012,12,False,0,False,2,15.750846999999998,19.5073,0.905417,0.157975,441,2787,3228,2,2
709,710,2012-12-10,4,2012,12,False,1,True,2,17.869153,21.77875,0.925,0.190308,329,4841,5170,2,2
710,711,2012-12-11,4,2012,12,False,2,True,2,14.486653,16.91815,0.596667,0.296037,282,5219,5501,2,2
711,712,2012-12-12,4,2012,12,False,3,True,2,12.1975,14.8669,0.538333,0.162937,310,5009,5319,2,2
712,713,2012-12-13,4,2012,12,False,4,True,1,12.129153,14.7094,0.485833,0.174129,425,5107,5532,2,2
713,714,2012-12-14,4,2012,12,False,5,True,1,11.548347,14.7096,0.642917,0.131229,429,5182,5611,1,2
714,715,2012-12-15,4,2012,12,False,6,False,1,13.290847,16.91915,0.650417,0.10635,767,4280,5047,2,2
715,716,2012-12-16,4,2012,12,False,0,False,2,14.862499999999999,18.4969,0.83875,0.100742,538,3248,3786,2,2
716,717,2012-12-17,4,2012,12,False,1,True,2,16.126653,20.075000000000003,0.907083,0.0982583,212,4373,4585,2,2
717,718,2012-12-18,4,2012,12,False,2,True,1,16.844153,20.485400000000002,0.66625,0.221404,433,5124,5557,2,2
718,719,2012-12-19,4,2012,12,False,3,True,1,13.6325,17.1081,0.625417,0.184092,333,4934,5267,2,2
719,720,2012-12-20,4,2012,12,False,4,True,2,13.530000000000001,16.760849999999998,0.667917,0.132463,314,3814,4128,2,2
720,721,2012-12-21,1,2012,12,False,5,True,2,13.393346999999999,15.08835,0.556667,0.374383,221,3402,3623,2,2
721,722,2012-12-22,1,2012,12,False,6,False,1,10.899153,11.80565,0.44125,0.407346,205,1544,1749,1,1
722,723,2012-12-23,1,2012,12,False,0,False,1,10.079153,12.97355,0.515417,0.133083,408,1379,1787,1,2
723,724,2012-12-24,1,2012,12,False,1,True,2,9.483464,12.945,0.791304,0.0772304,174,746,920,1,2
724,725,2012-12-25,1,2012,12,True,2,False,2,11.943464,14.723249999999998,0.734783,0.168726,440,573,1013,1,2
725,726,2012-12-26,1,2012,12,False,3,True,3,9.976652999999999,11.01665,0.823333,0.316546,9,432,441,1,1
726,727,2012-12-27,1,2012,12,False,4,True,2,10.420846999999998,11.3321,0.652917,0.350133,247,1867,2114,1,1
727,728,2012-12-28,1,2012,12,False,5,True,2,10.386652999999999,12.7523,0.59,0.155471,644,2451,3095,1,2
728,729,2012-12-29,1,2012,12,False,6,False,2,10.386652999999999,12.120000000000001,0.752917,0.124383,159,1182,1341,1,2
729,730,2012-12-30,1,2012,12,False,0,False,1,10.489152999999998,11.584999999999999,0.483333,0.350754,364,1432,1796,1,1
730,731,2012-12-31,1,2012,12,False,1,True,2,8.849153,11.17435,0.5775,0.154846,439,2290,2729,1,1
